timestamp,ax,ay,az,gx,gy,gz
1745843694,0.161,-0.214,0.927,0.854,-1.16,2.075
1745843694,0.166,-0.214,0.948,1.526,-4.456,0.305
1745843694,0.145,-0.219,0.947,0.671,2.441,-0.061
1745843694,0.174,-0.198,0.939,1.465,0.793,-1.465
1745843694,0.171,-0.218,0.936,0.61,0.977,-0.977
1745843694,0.18,-0.208,0.931,1.526,-2.808,-0.671
1745843694,0.157,-0.229,0.935,1.16,-2.258,-0.244
1745843694,0.14,-0.207,0.942,2.014,-1.282,0.671
1745843694,0.144,-0.198,0.954,0.977,-1.77,-1.648
1745843694,0.162,-0.212,0.945,1.16,-0.183,-0.61
1745843695,0.146,-0.211,0.929,1.648,1.648,1.221
1745843695,0.144,-0.215,0.93,0.977,-0.488,-0.183
1745843695,0.156,-0.208,0.94,1.587,-1.282,0.305
1745843695,0.147,-0.221,0.941,1.343,-0.732,0.793
1745843695,0.154,-0.219,0.94,1.038,1.404,0.061
1745843695,0.165,-0.21,0.935,0.61,1.648,0.427
1745843695,0.156,-0.204,0.93,1.648,0.732,1.16
1745843695,0.146,-0.21,0.949,1.892,-1.892,0.916
1745843695,0.146,-0.218,0.944,0.488,0.732,0.122
1745843695,0.152,-0.212,0.938,1.282,0.977,0.427
1745843695,0.157,-0.209,0.936,1.343,-0.549,0.793
1745843695,0.148,-0.221,0.937,0.366,-1.16,0.0
1745843695,0.152,-0.209,0.949,2.075,-2.258,-0.427
1745843695,0.148,-0.207,0.941,-0.061,1.831,-0.305
1745843695,0.143,-0.217,0.94,1.404,-0.854,-0.061
1745843695,0.154,-0.218,0.945,1.404,0.183,-0.427
1745843695,0.162,-0.215,0.932,0.366,1.953,0.366
1745843695,0.157,-0.212,0.931,1.465,-1.16,0.854
1745843695,0.15,-0.221,0.938,0.61,0.0,1.038
1745843695,0.155,-0.21,0.942,1.343,-1.221,0.183
1745843696,0.148,-0.219,0.937,0.732,0.916,-0.488
1745843696,0.154,-0.208,0.938,1.465,-0.183,-0.183
1745843696,0.153,-0.214,0.938,1.404,-0.61,-0.244
1745843696,0.139,-0.213,0.934,0.793,-0.183,0.0
1745843696,0.154,-0.215,0.939,1.465,-0.916,-0.244
1745843696,0.156,-0.216,0.937,1.343,0.061,0.366
1745843696,0.146,-0.214,0.93,1.526,-1.343,0.122
1745843696,0.148,-0.218,0.951,0.793,0.427,-0.061
1745843696,0.152,-0.213,0.932,0.671,1.587,0.427
1745843696,0.155,-0.216,0.926,0.977,-0.244,-0.244
1745843696,0.158,-0.223,0.938,1.221,-0.366,0.671
1745843696,0.145,-0.215,0.945,1.648,-0.183,0.916
1745843696,0.14,-0.219,0.942,0.854,1.099,0.793
1745843696,0.16,-0.21,0.926,0.854,0.0,0.305
1745843696,0.169,-0.212,0.938,1.221,-2.441,-0.671
1745843697,0.136,-0.222,0.935,0.549,1.831,-0.061
1745843697,0.154,-0.221,0.926,1.099,-0.488,-0.244
1745843697,0.166,-0.212,0.929,0.793,-1.099,0.0
1745843697,0.146,-0.219,0.944,0.854,-2.197,0.244
1745843697,0.137,-0.221,0.943,1.404,1.831,1.282
1745843697,0.139,-0.214,0.949,1.404,8.972,2.502
1745843697,0.177,-0.205,0.92,-0.061,2.319,-0.732
1745843697,0.157,-0.217,0.935,1.16,0.244,0.366
1745843697,0.153,-0.218,0.946,1.16,-0.671,0.244
1745843697,0.151,-0.219,0.934,0.427,0.366,-0.488
1745843697,0.171,-0.223,0.946,1.16,-0.366,-0.793
1745843697,0.186,-0.209,0.914,-0.122,-2.136,-1.465
1745843697,0.169,-0.213,0.954,2.014,-4.395,-0.122
1745843697,0.117,-0.217,0.965,0.183,2.502,-0.916
1745843698,0.166,-0.182,0.964,2.747,5.005,-0.061
1745843698,0.207,-0.131,0.958,0.977,-5.005,0.854
1745843698,0.25,-0.134,0.955,-0.061,-12.939,11.475
1745843698,0.19,-0.156,0.951,-1.282,-20.935,18.738
1745843698,0.181,-0.076,0.946,4.211,-26.062,20.813
1745843698,0.041,-0.115,0.913,-2.869,-18.555,19.104
1745843698,0.077,-0.197,0.954,-7.324,-25.452,11.841
1745843698,0.079,-0.246,0.934,8.301,-21.423,13.733
1745843698,0.011,-0.286,0.914,7.568,-8.423,10.864
1745843698,0.002,-0.268,0.912,2.686,3.54,6.836
1745843698,-0.009,-0.241,0.944,2.319,17.517,1.831
1745843699,0.108,-0.209,0.983,-16.479,36.804,5.92
1745843699,0.159,-0.167,0.926,-13.55,31.372,4.7
1745843699,0.152,-0.14,0.888,-2.686,25.94,1.77
1745843699,0.247,-0.208,0.909,1.587,50.354,4.7
1745843699,0.326,-0.184,0.907,-17.578,31.677,-3.662
1745843699,0.324,-0.122,0.916,-13.245,-5.066,2.441
1745843699,0.258,-0.13,0.945,-12.634,22.827,1.282
1745843699,0.262,-0.129,0.987,-15.991,14.099,-1.526
1745843699,0.275,-0.083,0.922,-27.405,27.161,-22.583
1745843699,0.16,-0.248,0.941,-4.883,-48.706,-3.418
1745843699,0.31,-0.122,0.94,-10.864,-46.265,12.756
1745843699,0.1,-0.104,0.949,22.278,-45.227,44.861
1745843699,-0.083,-0.019,1.076,4.761,0.549,17.334
1745843699,0.105,-0.077,1.027,9.644,-4.578,-2.258
1745843700,0.24,-0.158,0.931,25.391,-6.836,14.648
1745843700,0.168,-0.106,0.983,19.958,-22.644,37.109
1745843700,0.011,-0.134,0.938,31.372,10.742,11.658
1745843700,0.08,-0.218,0.945,0.549,3.662,-7.141
1745843700,0.099,-0.214,0.937,0.977,8.545,-9.338
1745843700,0.116,-0.208,0.95,3.235,5.798,0.427
1745843700,0.121,-0.229,0.961,0.732,5.554,0.977
1745843700,0.128,-0.165,0.928,-1.221,0.0,0.427
1745843700,0.158,-0.14,0.938,1.465,-9.338,2.319
1745843701,0.132,-0.213,0.931,7.568,-7.996,17.029
1745843701,0.098,-0.24,0.946,5.676,-7.812,-3.967
1745843701,0.079,-0.253,0.964,5.554,-2.991,-0.671
1745843701,0.094,-0.248,0.945,-0.977,-5.249,7.08
1745843701,0.121,-0.257,0.938,0.122,-3.906,18.616
1745843701,0.084,-0.222,0.925,1.587,-9.277,6.775
1745843701,0.019,-0.206,0.914,12.207,-1.831,9.338
1745843701,0.062,-0.299,0.962,29.785,-23.315,10.925
1745843701,0.076,-0.287,0.927,29.358,-27.161,13.428
1745843701,0.037,-0.416,0.926,20.02,-41.138,6.47
1745843702,-0.025,-0.437,0.865,6.775,-13.977,61.829
1745843702,-0.346,-0.42,0.891,-3.967,24.109,53.467
1745843702,-0.28,-0.324,0.833,-33.386,6.47,-27.222
1745843702,-0.047,-0.32,0.934,-31.433,30.579,-52.856
1745843702,-0.002,-0.222,0.901,-25.513,34.119,-40.1
1745843702,0.031,-0.191,0.903,-20.386,35.217,-37.964
1745843702,0.061,-0.204,0.993,-6.47,18.738,-7.08
1745843702,0.064,-0.156,0.948,1.953,-1.831,0.549
1745843702,-0.039,-0.202,0.957,6.958,0.366,2.441
1745843703,0.013,-0.201,0.963,6.958,-11.78,-10.925
1745843703,-0.002,-0.25,0.927,3.296,-3.296,0.732
1745843703,-0.012,-0.241,0.911,2.869,5.981,1.099
1745843703,0.039,-0.249,0.927,6.592,-2.136,1.892
1745843703,-0.018,-0.257,0.939,9.277,-0.427,2.502
1745843703,0.007,-0.227,0.926,0.427,-4.028,-6.714
1745843703,-0.015,-0.35,0.983,-27.466,11.414,-4.333
1745843703,0.036,-0.169,0.907,3.845,1.282,1.282
1745843704,0.186,-0.259,0.935,4.456,16.296,11.108
1745843704,0.154,-0.289,0.977,-6.775,3.418,1.343
1745843704,0.111,-0.237,0.952,2.991,-3.113,1.465
1745843705,0.113,-0.261,0.948,15.564,-9.155,6.348
1745843705,0.109,-0.24,0.94,7.019,-1.648,4.089
1745843705,0.135,-0.241,0.929,3.601,-3.357,-1.465
1745843705,0.154,-0.229,0.915,8.179,-13.062,-0.366
1745843705,0.125,-0.294,0.927,3.479,1.831,-2.441
1745843705,0.074,-0.261,0.93,0.305,-1.587,-3.418
1745843705,0.132,-0.256,0.923,5.92,3.479,-6.897
1745843705,0.058,-0.233,0.987,-10.071,-31.677,-7.019
1745843705,0.045,-0.266,0.94,2.625,-13.733,5.554
1745843705,0.03,-0.238,0.917,3.418,-16.602,4.578
1745843706,0.238,-0.167,0.887,61.646,27.649,23.376
1745843706,0.121,-0.259,0.963,7.996,34.424,22.583
1745843706,0.165,-0.285,0.994,-27.344,8.362,-3.723
1745843706,0.147,-0.257,0.947,-14.16,-2.136,-4.395
1745843706,0.194,-0.245,0.92,-5.493,31.616,9.155
1745843706,0.154,-0.286,0.956,-17.639,54.077,7.69
1745843706,0.296,-0.284,0.985,-21.179,18.799,9.277
1745843706,0.333,-0.248,1.057,-34.546,0.732,4.822
1745843706,0.357,-0.176,1.085,-28.076,-24.414,8.728
1745843706,0.093,-0.032,1.096,-43.518,-65.552,7.446
1745843706,0.017,-0.004,1.052,-56.03,-44.128,13.672
1745843706,0.006,0.111,1.007,-57.068,-40.1,18.127
1745843707,-0.277,0.266,0.785,-22.522,-19.47,-1.709
1745843707,-0.274,0.318,0.794,-26.733,-19.714,-0.122
1745843707,-0.275,0.371,0.773,-11.597,-9.888,-0.183
1745843707,-0.323,0.426,0.796,-1.892,8.362,1.282
1745843707,-0.303,0.422,0.813,0.671,0.916,2.563
1745843708,-0.378,0.471,0.811,-1.77,-1.099,2.197
1745843708,-0.336,0.508,0.776,-4.089,-7.263,2.258
1745843708,-0.353,0.529,0.744,-1.587,-4.395,0.183
1745843708,-0.306,0.405,0.85,7.202,-2.319,-2.319
1745843708,-0.254,0.436,0.846,10.925,-8.118,-0.305
1745843708,-0.286,0.412,0.851,5.31,-9.827,-3.479
1745843708,-0.323,0.428,0.821,-1.343,-16.235,-4.944
1745843708,-0.351,0.418,0.795,3.723,-3.845,-7.751
1745843708,-0.309,0.406,0.787,-1.526,-16.113,-3.906
1745843708,-0.35,0.419,0.793,-1.038,-20.63,-3.357
1745843708,-0.369,0.435,0.813,-0.854,5.249,-2.869
1745843708,-0.332,0.45,0.791,0.244,-4.272,-3.601
1745843708,-0.365,0.441,0.78,-1.526,2.38,-1.648
1745843708,-0.38,0.42,0.811,-3.113,12.146,3.723
1745843708,-0.319,0.451,0.8,-4.517,7.019,8.179
1745843708,-0.332,0.483,0.8,-6.714,4.028,2.441
1745843709,-0.344,0.493,0.781,-0.244,2.441,0.122
1745843709,-0.345,0.471,0.777,1.465,1.648,-0.671
1745843709,-0.356,0.447,0.778,3.479,1.16,0.916
1745843709,-0.322,0.454,0.782,0.916,1.465,0.244
1745843709,-0.35,0.468,0.791,-0.183,1.16,0.916
1745843709,-0.344,0.466,0.782,1.099,0.305,1.221
1745843709,-0.347,0.458,0.781,0.427,2.441,0.854
1745843709,-0.342,0.45,0.773,-1.831,0.61,0.427
1745843709,-0.349,0.469,0.779,0.488,1.221,1.465
1745843709,-0.355,0.474,0.779,-0.122,0.671,0.549
1745843709,-0.344,0.466,0.776,2.441,0.916,1.099
1745843709,-0.323,0.455,0.782,1.831,-0.122,0.61
1745843709,-0.345,0.466,0.776,1.099,1.77,0.183
1745843709,-0.343,0.461,0.773,0.671,-1.587,-0.244
1745843709,-0.332,0.464,0.78,2.258,2.075,-0.732
1745843709,-0.351,0.458,0.779,1.709,0.488,-0.061
1745843709,-0.332,0.466,0.79,2.93,1.099,0.671
1745843709,-0.323,0.465,0.784,2.075,1.709,1.099
1745843709,-0.335,0.458,0.793,0.488,4.15,1.282
1745843710,-0.344,0.459,0.792,1.587,4.761,2.625
1745843710,-0.304,0.452,0.78,1.526,0.977,2.93
1745843710,-0.327,0.466,0.792,3.296,4.761,1.77
1745843710,-0.347,0.444,0.786,3.113,0.488,0.916
1745843710,-0.313,0.441,0.803,2.563,0.122,0.488
1745843710,-0.309,0.44,0.809,1.343,2.625,0.305
1745843710,-0.334,0.455,0.791,0.916,0.671,0.183
1745843710,-0.333,0.448,0.807,2.502,-0.488,1.77
1745843710,-0.333,0.441,0.8,1.587,0.671,1.099
1745843710,-0.314,0.457,0.801,0.732,-2.014,0.916
1745843710,-0.321,0.451,0.794,-0.061,-0.244,0.549
1745843710,-0.33,0.453,0.802,0.977,-0.732,0.549
1745843710,-0.339,0.444,0.784,1.953,5.981,-2.197
1745843710,-0.333,0.433,0.781,8.606,26.184,1.221
1745843710,-0.247,0.42,0.833,-0.122,-1.587,-0.549
1745843710,-0.276,0.4,0.86,-1.038,11.292,4.7
1745843710,-0.205,0.35,0.852,-5.066,13.733,9.949
1745843711,-0.224,0.282,0.796,-2.197,21.912,23.315
1745843711,-0.194,0.315,0.688,2.258,27.954,19.104
1745843711,-0.233,0.304,0.693,10.132,21.973,16.235
1745843711,-0.337,0.382,0.669,29.358,53.162,6.653
1745843711,-0.186,0.412,0.752,36.804,48.157,-12.39
1745843711,-0.338,0.421,0.932,51.819,36.743,-24.719
1745843711,-0.25,0.38,1.005,39.551,35.583,-27.405
1745843711,-0.189,0.413,1.015,32.959,8.972,-37.842
1745843711,-0.149,0.399,0.98,40.039,14.282,-38.635
1745843711,-0.027,0.326,1.009,41.138,-16.479,-40.405
1745843711,-0.189,0.163,1.079,27.1,34.241,-24.048
1745843711,0.093,0.158,0.982,6.47,13.733,-15.808
1745843711,-0.06,0.202,0.914,17.273,42.175,-1.038
1745843711,0.041,0.22,0.854,24.414,43.091,-12.634
1745843711,-0.048,0.25,0.886,36.621,32.349,-25.94
1745843711,0.119,0.175,0.944,47.668,30.701,-27.466
1745843711,0.119,0.112,0.984,37.537,22.522,-30.518
1745843711,0.044,0.06,0.999,41.077,19.043,-32.104
1745843712,0.255,-0.136,0.995,28.931,7.629,-18.433
1745843712,0.24,-0.17,0.962,16.418,9.949,-11.719
1745843712,0.245,-0.189,0.954,12.573,4.578,-11.658
1745843712,0.225,-0.172,0.923,2.93,21.606,-5.371
1745843712,0.302,-0.215,0.957,9.583,14.282,-1.465
1745843712,0.264,-0.16,0.948,-2.747,11.292,-8.423
1745843712,0.209,-0.141,0.978,-9.338,2.808,-7.874
1745843712,0.338,-0.186,0.979,-5.066,12.512,-2.502
1745843712,0.2,-0.101,0.917,-3.174,3.296,-0.793
1745843712,0.368,-0.163,0.893,-3.845,10.925,-1.404
1745843712,0.257,-0.136,0.914,-0.916,-10.315,-0.549
1745843712,0.277,-0.144,0.944,-2.808,0.671,1.953
1745843712,0.271,-0.133,0.94,0.183,-1.282,0.549
1745843712,0.223,-0.144,0.913,0.732,-12.268,0.122
1745843712,0.281,-0.099,0.923,-0.061,-2.808,-0.977
1745843712,0.217,-0.108,0.934,1.16,-4.639,-2.014
1745843712,0.237,-0.137,0.926,3.723,-5.676,-2.014
1745843712,0.224,-0.113,0.934,-0.671,1.953,0.305
1745843713,0.248,-0.094,0.925,1.099,1.038,1.709
1745843713,0.262,-0.14,0.959,-0.549,2.258,2.38
1745843713,0.242,-0.12,0.948,-0.488,-6.958,1.831
1745843713,0.243,-0.11,0.936,2.258,-4.333,0.427
1745843713,0.228,-0.11,0.927,-0.061,-16.235,-2.075
1745843713,0.222,-0.126,0.938,0.916,-22.949,-2.747
1745843713,0.169,-0.127,0.926,-1.099,-17.761,-5.066
1745843713,0.166,-0.119,0.95,2.991,-19.531,-5.92
1745843713,0.149,-0.113,0.973,3.479,-17.761,-1.343
1745843713,0.137,-0.146,0.973,0.916,-4.883,-3.296
1745843713,0.145,-0.207,1.021,-0.793,-11.23,-14.771
1745843713,0.098,-0.2,0.985,-7.202,-25.085,-17.151
1745843713,0.171,-0.21,0.944,21.179,-8.789,-10.742
1745843713,0.192,-0.225,0.911,8.301,18.311,6.775
1745843713,0.105,-0.116,0.919,-7.141,3.174,13.428
1745843713,0.118,-0.125,0.897,-12.817,16.541,-1.648
1745843713,0.072,-0.097,0.92,-11.23,-20.264,6.836
1745843714,0.052,-0.151,1.016,-5.432,11.169,10.01
1745843714,0.023,-0.123,0.958,3.052,-7.935,1.648
1745843714,0.018,-0.057,0.991,-0.977,-13.489,-2.136
1745843714,0.038,-0.011,0.972,-2.075,7.385,-4.883
1745843714,-0.05,0.0,0.99,-13.0,5.005,-0.732
1745843714,0.051,-0.049,1.04,0.793,-6.958,3.845
1745843714,0.04,-0.112,0.987,-13.245,18.982,2.014
1745843714,0.025,-0.05,0.943,-6.592,7.874,-5.31
1745843714,-0.014,-0.125,0.952,14.893,20.081,-0.244
1745843714,0.084,-0.101,0.95,-6.653,-1.099,-2.991
1745843714,0.106,-0.07,0.928,2.991,2.075,-1.892
1745843714,0.051,-0.082,0.95,1.099,-8.362,0.916
1745843714,0.025,-0.106,0.973,2.075,-9.46,4.272
1745843714,0.012,-0.062,0.953,-7.263,-6.348,4.944
1745843714,-0.016,-0.03,0.95,3.479,-9.705,3.54
1745843714,0.022,-0.041,0.952,0.122,-4.15,-0.488
1745843715,-0.003,-0.072,0.981,3.479,-6.836,-2.991
1745843715,0.035,-0.113,1.002,2.869,-1.282,-6.531
1745843715,0.033,-0.132,1.015,-6.592,-3.54,-3.906
1745843715,0.039,-0.063,0.994,-1.404,-4.333,-1.038
1745843715,0.023,-0.076,0.971,-1.831,-1.038,0.305
1745843715,-0.022,-0.083,0.978,-14.038,6.348,-0.977
1745843715,0.009,-0.019,0.953,2.258,0.244,1.892
1745843715,0.057,-0.039,0.965,-2.93,-6.958,-3.296
1745843715,0.021,-0.029,0.961,0.977,4.822,-1.648
1745843715,0.032,-0.035,0.952,1.648,-7.996,-3.54
1745843715,0.028,-0.041,0.979,3.479,-6.287,-2.319
1745843715,0.046,-0.069,0.993,4.7,-6.104,1.343
1745843715,0.007,-0.059,0.996,4.272,-6.104,3.967
1745843715,-0.003,-0.06,0.99,8.85,-2.991,3.784
1745843715,-0.003,-0.06,0.974,13.123,-4.822,3.113
1745843715,-0.001,-0.102,0.952,3.174,-3.723,-0.244
1745843715,-0.032,-0.078,0.961,-1.099,0.061,-3.296
1745843715,-0.009,-0.071,0.962,1.77,-2.258,-2.38
1745843715,-0.004,-0.073,0.99,3.296,-0.916,-0.732
1745843715,-0.002,-0.083,0.979,5.859,-1.343,-1.953
1745843716,-0.011,-0.09,0.967,1.038,1.16,-3.845
1745843716,-0.006,-0.084,0.95,4.028,-4.15,-0.549
1745843716,-0.026,-0.109,0.948,1.77,1.648,0.366
1745843716,-0.024,-0.104,0.963,3.967,-6.165,-1.221
1745843716,-0.023,-0.102,0.966,3.723,1.648,-0.854
1745843716,0.004,-0.097,0.956,-0.305,-0.305,-2.319
1745843716,-0.045,-0.094,0.96,-0.61,4.395,-2.136
1745843716,-0.028,-0.103,0.957,-0.977,0.183,-2.93
1745843716,-0.007,-0.092,0.97,3.052,-0.061,-0.916
1745843716,-0.014,-0.095,0.969,-1.465,1.221,-1.282
1745843716,-0.023,-0.099,0.967,2.014,-0.305,-0.61
1745843716,-0.014,-0.087,0.971,-1.099,0.488,-1.099
1745843716,-0.018,-0.094,0.966,0.793,1.526,-1.77
1745843716,-0.013,-0.091,0.947,2.258,-1.77,0.61
1745843716,-0.009,-0.087,0.969,3.418,-0.732,0.122
1745843716,-0.019,-0.097,0.978,-0.793,1.221,-1.343
1745843716,-0.013,-0.109,0.968,1.587,3.662,0.977
1745843716,-0.021,-0.089,0.966,-2.441,0.549,-0.488
1745843716,0.009,-0.095,0.957,0.244,6.531,0.061
1745843717,-0.024,-0.094,0.976,-0.427,1.282,0.305
1745843717,-0.001,-0.098,0.977,0.732,-0.488,-0.793
1745843717,-0.004,-0.091,0.971,-1.892,0.854,-1.038
1745843717,-0.009,-0.083,0.969,0.122,-1.77,0.305
1745843717,-0.004,-0.084,0.961,0.854,-1.892,0.916
1745843717,-0.006,-0.072,0.952,0.122,1.831,-2.136
1745843717,0.005,-0.085,0.963,0.793,2.319,-1.648
1745843717,0.018,-0.087,0.961,2.014,3.235,1.465
1745843717,-0.016,-0.082,0.981,0.183,-0.366,0.732
1745843717,-0.008,-0.079,0.978,1.587,0.427,1.343
1745843717,-0.004,-0.084,0.97,0.488,1.282,0.244
1745843717,-0.009,-0.081,0.966,-0.427,0.0,0.0
1745843717,0.003,-0.086,0.959,1.282,-0.305,-0.122
1745843717,-0.005,-0.079,0.966,0.916,0.488,0.0
1745843717,0.007,-0.082,0.961,1.404,1.221,0.122
1745843717,-0.011,-0.078,0.97,1.099,-0.549,0.61
1745843718,0.011,-0.081,0.978,0.793,-1.526,0.732
1745843718,0.006,-0.083,0.958,0.061,3.235,-0.488
1745843718,-0.001,-0.08,0.968,-1.16,0.977,-1.282
1745843718,0.011,-0.085,0.963,0.916,2.136,-0.122
1745843718,0.001,-0.073,0.97,1.404,1.831,1.282
1745843718,-0.004,-0.085,0.976,1.892,-1.16,-0.122
1745843718,0.006,-0.089,0.971,-0.061,1.892,-0.427
1745843718,-0.013,-0.076,0.968,1.16,-0.061,0.61
1745843718,0.014,-0.08,0.962,0.122,-1.465,0.244
1745843718,-0.019,-0.067,0.97,2.38,2.319,0.61
1745843718,0.002,-0.075,0.963,4.028,-1.282,-0.854
1745843718,0.006,-0.087,0.976,2.136,0.793,0.122
1745843718,-0.006,-0.089,0.974,-0.549,-2.625,0.061
1745843718,0.012,-0.081,0.984,1.587,-0.916,0.488
1745843718,0.004,-0.086,0.971,-1.282,0.854,0.122
1745843718,-0.012,-0.082,0.96,0.977,1.038,0.854
1745843718,-0.014,-0.08,0.96,-4.211,-5.31,-1.404
1745843718,-0.002,-0.079,0.954,6.775,5.371,1.526
1745843718,-0.002,-0.081,0.982,0.977,-2.197,0.183
1745843718,-0.006,-0.081,0.978,1.404,1.77,-0.183
1745843718,0.008,-0.088,0.97,0.122,-0.549,0.0
1745843718,0.005,-0.086,0.974,-0.183,-2.747,0.854
1745843719,-0.01,-0.082,0.982,-0.549,-0.671,3.052
1745843719,-0.011,-0.077,0.966,-2.747,0.061,0.427
1745843719,-0.003,-0.077,0.955,-0.671,1.038,1.038
1745843719,0.003,-0.073,0.96,-0.122,-3.906,0.854
1745843719,-0.006,-0.081,0.963,0.854,-5.92,0.244
1745843719,-0.002,-0.092,0.967,-0.305,-3.845,-1.404
1745843719,-0.074,-0.061,0.98,-3.54,8.606,0.854
1745843719,-0.022,-0.068,0.957,-5.981,29.053,1.587
1745843719,-0.009,-0.059,0.957,0.122,23.499,3.601
1745843719,-0.005,-0.043,0.967,4.7,38.269,9.033
1745843719,0.196,-0.099,0.939,8.606,60.791,6.714
1745843719,0.046,-0.033,0.945,-11.902,40.771,3.418
1745843719,0.18,-0.046,0.894,-4.7,142.212,9.46
1745843719,0.425,-0.094,0.878,-36.194,65.369,-4.272
1745843719,0.303,0.029,0.945,-45.044,76.721,-8.24
1745843719,0.487,0.029,0.853,-24.841,82.52,-8.911
1745843719,0.582,0.04,0.833,-28.015,61.096,-5.371
1745843719,0.553,0.062,0.812,-15.32,54.443,-3.54
1745843719,0.636,0.081,0.784,1.282,60.425,-1.526
1745843719,0.605,0.057,0.72,0.671,64.514,0.427
1745843720,0.727,0.082,0.685,-1.587,66.223,-1.587
1745843720,0.713,0.074,0.649,5.31,62.988,-2.563
1745843720,0.757,0.058,0.598,9.033,69.885,-9.155
1745843720,0.78,0.03,0.563,-4.272,60.608,-4.517
1745843720,0.829,0.044,0.529,-6.042,50.415,-3.845
1745843720,0.853,0.043,0.467,-7.263,58.411,-8.606
1745843720,0.888,0.039,0.419,-6.104,50.415,-4.028
1745843720,0.888,0.042,0.375,-1.587,36.316,-2.014
1745843720,0.922,0.035,0.369,3.54,42.175,-4.822
1745843720,0.924,0.042,0.329,4.761,33.752,-2.319
1745843720,0.992,0.015,0.313,0.0,31.067,0.732
1745843720,0.914,0.056,0.281,2.686,27.039,3.845
1745843720,0.984,0.022,0.264,3.906,27.344,-1.282
1745843720,0.923,0.035,0.233,-6.042,23.071,0.427
1745843720,0.959,0.018,0.213,-7.996,41.199,-5.92
1745843720,0.968,0.026,0.157,-1.343,45.776,-4.15
1745843721,1.017,0.025,0.12,2.991,27.771,-3.235
1745843721,0.992,0.036,0.126,0.427,18.25,0.732
1745843721,0.967,0.041,0.123,-2.991,1.465,3.54
1745843721,0.995,0.014,0.093,-1.221,19.897,1.343
1745843721,0.981,0.027,0.06,-4.7,-5.92,5.859
1745843721,0.947,0.045,0.095,5.432,8.85,-0.122
1745843721,1.005,0.036,0.075,1.526,7.263,-2.014
1745843721,0.976,0.051,0.086,-7.507,-31.555,10.62
1745843721,0.985,0.053,0.106,7.69,14.709,-5.249
1745843721,0.991,0.018,0.095,2.808,-9.827,4.028
1745843721,0.975,0.042,0.115,3.601,5.676,-0.488
1745843721,0.997,0.023,0.092,2.075,-6.653,2.441
1745843721,0.959,0.05,0.11,3.54,5.249,-0.916
1745843721,1.012,0.034,0.097,6.836,4.517,-5.066
1745843721,1.006,0.013,0.092,0.061,-12.878,2.38
1745843721,1.019,0.028,0.105,5.005,-24.17,1.892
1745843721,1.055,0.018,0.119,2.563,-58.899,10.376
1745843721,0.955,0.09,0.236,11.597,-64.392,8.606
1745843721,0.992,0.044,0.243,21.057,-48.401,2.808
1745843721,0.854,0.043,0.326,10.559,-64.453,10.254
1745843721,0.924,0.028,0.354,14.526,-40.771,-0.671
1745843721,0.872,0.051,0.391,11.963,-83.801,8.606
1745843722,0.905,0.01,0.436,24.841,-83.862,-5.188
1745843722,0.785,0.063,0.54,26.978,-75.562,1.404
1745843722,0.832,0.015,0.565,34.241,-96.13,-3.296
1745843722,0.667,-0.0,0.667,20.264,-92.285,-0.549
1745843722,0.68,-0.014,0.71,37.537,-70.19,-3.54
1745843722,0.664,-0.071,0.729,20.142,-66.65,0.366
1745843722,0.556,-0.04,0.795,18.066,-88.623,3.479
1745843722,0.433,-0.077,0.839,23.682,-60.181,7.141
1745843722,0.492,-0.084,0.86,4.089,-52.124,3.174
1745843722,0.443,-0.087,0.897,8.606,-76.416,-2.563
1745843722,0.345,-0.097,0.88,8.423,-74.28,-5.127
1745843722,0.254,-0.104,0.895,22.156,-59.509,-2.869
1745843722,0.265,-0.149,0.864,12.634,-59.814,-2.136
1745843722,0.12,-0.098,0.881,-3.174,-55.542,0.427
1745843722,0.227,-0.136,0.949,12.695,-74.585,-13.977
1745843722,0.003,-0.136,0.997,19.775,-82.031,-12.085
1745843722,0.064,-0.187,0.957,29.846,-84.412,-21.667
1745843722,-0.17,-0.189,0.978,2.808,-39.185,-10.864
1745843722,-0.188,-0.192,0.948,20.447,-10.01,-2.808
1745843723,-0.066,-0.219,0.946,17.029,31.189,2.075
1745843723,-0.148,-0.22,0.955,4.7,7.874,-1.221
1745843723,0.019,-0.246,0.938,10.742,25.024,-4.028
1745843723,-0.119,-0.181,0.965,-8.972,3.113,-5.127
1745843723,-0.019,-0.239,0.957,17.639,15.747,3.906
1745843723,-0.042,-0.226,0.958,-7.507,4.456,-2.075
1745843723,-0.048,-0.225,0.947,4.211,12.39,-0.183
1745843723,0.021,-0.242,0.926,-3.54,-0.61,-2.869
1745843723,-0.088,-0.2,0.953,0.488,5.798,-0.183
1745843723,-0.02,-0.237,0.952,2.197,-4.456,-2.563
1745843723,-0.035,-0.208,0.963,1.099,6.47,-2.197
1745843723,-0.064,-0.213,0.935,0.549,13.916,2.136
1745843723,-0.013,-0.241,0.927,19.287,48.035,11.292
1745843723,0.044,-0.252,0.962,-11.658,15.259,-3.662
1745843723,-0.009,-0.217,0.98,-11.902,64.453,3.967
1745843723,0.071,-0.29,0.969,-68.42,83.313,3.235
1745843723,0.318,-0.112,0.994,-81.543,118.958,-10.01
1745843723,0.306,-0.085,0.88,-58.228,78.186,-5.432
1745843723,0.44,0.025,0.86,-48.34,77.209,-4.211
1745843724,0.389,0.028,0.802,-28.931,91.98,0.061
1745843724,0.5,0.039,0.753,-15.198,84.656,0.305
1745843724,0.486,0.044,0.735,-27.405,126.16,-7.08
1745843724,0.708,0.055,0.69,-11.963,84.29,-16.235
1745843724,0.693,0.088,0.629,-3.967,93.933,-15.991
1745843724,0.772,0.017,0.537,13.062,57.312,-10.254
1745843724,0.799,0.025,0.543,5.493,67.993,-13.123
1745843724,0.838,0.038,0.513,6.165,63.904,-11.78
1745843724,0.849,0.01,0.474,-5.615,84.351,-12.573
1745843724,0.934,-0.011,0.371,-7.324,77.637,-12.268
1745843724,0.921,-0.02,0.315,-0.793,64.819,-10.376
1745843724,0.952,-0.015,0.262,9.46,42.542,-5.432
1745843724,0.992,-0.003,0.256,13.428,51.27,-9.644
1745843724,0.99,-0.025,0.183,9.888,35.339,-6.226
1745843724,0.959,-0.031,0.177,5.554,24.841,-2.319
1745843724,1.0,-0.062,0.134,-0.427,30.396,-7.446
1745843724,0.968,-0.049,0.119,1.892,12.146,-6.104
1745843724,0.993,-0.03,0.15,3.357,15.137,-5.615
1745843724,1.019,-0.056,0.13,-2.869,6.653,-2.808
1745843724,1.033,-0.045,0.112,-5.615,-2.014,1.77
1745843725,1.026,-0.061,0.069,-4.944,-0.183,0.427
1745843725,1.002,-0.065,0.089,-4.822,-24.902,7.568
1745843725,1.013,-0.054,0.081,2.747,-39.001,11.23
1745843725,1.005,-0.031,0.178,15.808,-66.711,6.836
1745843725,0.973,-0.042,0.288,27.527,-76.904,3.54
1745843725,0.944,-0.041,0.296,4.15,-118.896,8.789
1745843725,0.807,0.014,0.425,14.099,-137.573,9.033
1745843725,0.786,-0.008,0.519,36.682,-88.074,-3.723
1745843725,0.866,-0.08,0.531,39.734,-148.621,0.244
1745843725,0.646,-0.119,0.69,35.217,-143.799,-1.282
1745843725,0.606,-0.121,0.757,32.41,-163.696,-1.648
1745843725,0.422,-0.144,0.858,31.006,-124.329,-5.005
1745843725,0.231,-0.147,0.913,12.573,-107.91,-5.005
1745843725,0.328,-0.146,0.913,15.076,-108.154,-4.761
1745843725,0.227,-0.165,0.91,14.282,-78.857,-8.545
1745843725,0.016,-0.195,0.905,36.133,-77.881,-7.874
1745843725,0.054,-0.242,0.899,27.588,-89.661,-10.376
1745843725,-0.089,-0.259,0.934,20.264,-35.034,0.793
1745843725,-0.066,-0.297,0.91,19.958,-16.541,0.427
1745843726,-0.06,-0.314,0.997,-1.282,17.09,4.15
1745843726,-0.037,-0.295,0.97,-4.456,-6.287,0.916
1745843726,-0.076,-0.242,0.98,-7.629,20.813,4.028
1745843726,-0.035,-0.261,0.935,-7.385,5.798,-0.854
1745843726,0.0,-0.246,0.946,-8.789,8.667,-0.916
1745843726,-0.006,-0.236,0.923,-3.967,9.338,1.343
1745843726,0.001,-0.245,0.915,-2.502,-3.54,1.892
1745843726,-0.044,-0.239,0.936,-1.404,7.263,1.465
1745843726,0.003,-0.235,0.917,-3.601,-0.244,-2.991
1745843726,-0.034,-0.235,0.943,3.601,7.08,-1.953
1745843726,0.021,-0.252,0.926,-0.183,1.953,-4.639
1745843726,0.027,-0.24,0.947,4.395,10.071,-3.54
1745843726,0.016,-0.25,0.943,-2.014,3.601,-6.104
1745843726,0.057,-0.241,0.944,-0.427,2.258,-8.85
1745843726,0.105,-0.203,0.933,-0.183,-51.697,-10.864
1745843726,-0.006,-0.25,0.92,21.301,-85.022,-6.836
1745843726,-0.086,-0.304,0.976,21.79,-155.212,-0.244
1745843726,-0.286,-0.285,0.961,23.56,-160.461,15.198
1745843726,-0.552,-0.308,0.848,21.667,-175.293,18.188
1745843727,-0.546,-0.317,0.705,8.301,-172.302,15.137
1745843727,-0.648,-0.325,0.577,22.4,-149.231,24.597
1745843727,-0.684,-0.36,0.431,42.358,-146.118,22.339
1745843727,-0.827,-0.353,0.341,47.913,-130.005,12.207
1745843727,-0.988,-0.417,0.295,35.767,-118.408,0.122
1745843727,-0.92,-0.439,0.241,38.086,-79.102,-10.193
1745843727,-0.866,-0.443,0.138,23.071,-45.105,-5.92
1745843727,-0.876,-0.466,0.116,23.254,-32.532,0.549
1745843727,-0.954,-0.485,0.123,0.793,-38.208,-4.944
1745843727,-0.913,-0.448,0.077,-4.333,-10.864,0.61
1745843727,-0.905,-0.368,0.04,4.456,-11.353,-1.526
1745843727,-0.895,-0.412,0.071,8.057,-3.54,5.432
1745843727,-0.963,-0.429,0.082,2.563,-6.836,-4.395
1745843727,-0.927,-0.448,0.064,6.226,17.212,-0.549
1745843727,-0.932,-0.463,0.104,-2.258,19.287,-6.104
1745843727,-1.125,-0.432,0.172,-4.028,81.299,12.146
1745843727,-0.821,-0.484,0.134,-17.456,69.336,-11.169
1745843727,-0.95,-0.417,0.263,-7.08,123.901,12.207
1745843727,-0.815,-0.449,0.33,-24.353,115.234,-7.202
1745843728,-0.777,-0.397,0.423,-16.174,135.864,1.343
1745843728,-0.596,-0.366,0.478,-24.109,125.977,3.418
1745843728,-0.661,-0.377,0.589,-6.287,151.611,11.78
1745843728,-0.599,-0.432,0.687,-18.494,147.095,-3.479
1745843728,-0.401,-0.4,0.735,-30.884,134.888,-14.465
1745843728,-0.405,-0.341,0.789,-40.222,84.167,-16.052
1745843728,-0.246,-0.257,0.822,-13.611,128.357,0.244
1745843728,-0.138,-0.25,0.948,-0.549,81.238,2.502
1745843728,0.005,-0.323,0.922,3.235,95.093,13.306
1745843728,-0.097,-0.287,0.898,-14.404,88.562,21.729
1745843728,0.101,-0.258,0.887,-5.432,61.951,20.874
1745843728,-0.002,-0.271,0.917,-18.127,64.392,12.329
1745843729,0.072,-0.254,0.934,17.578,-82.52,-2.991
1745843729,-0.115,-0.243,0.936,12.329,-122.681,-5.249
1745843729,-0.205,-0.279,0.921,24.109,-127.014,-1.465
1745843729,-0.312,-0.359,0.879,12.817,-143.066,-3.296
1745843729,-0.416,-0.338,0.855,16.663,-118.835,0.916
1745843729,-0.436,-0.343,0.749,1.77,-126.221,1.892
1745843729,-0.514,-0.318,0.687,8.484,-137.207,10.193
1745843729,-0.62,-0.375,0.612,9.094,-136.108,11.658
1745843729,-0.698,-0.359,0.518,5.249,-154.724,7.446
1745843729,-0.818,-0.376,0.423,12.573,-134.521,11.047
1745843730,-0.947,-0.356,0.336,17.029,-123.474,10.925
1745843730,-0.986,-0.376,0.265,20.813,-99.182,4.028
1745843730,-0.944,-0.363,0.163,17.578,-60.242,1.282
1745843730,-0.875,-0.365,0.061,13.794,-65.613,-4.883
1745843730,-0.829,-0.435,0.014,22.4,-47.668,9.46
1745843730,-0.988,-0.45,0.053,13.794,-44.189,5.615
1745843730,-1.039,-0.449,0.04,7.141,-13.977,2.502
1745843730,-0.962,-0.421,0.003,-10.864,-16.052,-12.878
1745843730,-0.976,-0.348,0.004,-6.042,4.272,0.244
1745843730,-0.95,-0.379,-0.026,-7.935,-11.353,-5.981
1745843730,-0.994,-0.358,-0.041,6.47,14.282,6.531
1745843730,-0.975,-0.396,-0.014,-2.136,11.23,-5.859
1745843730,-1.082,-0.339,0.064,21.484,101.624,15.32
1745843730,-1.066,-0.459,0.183,0.366,117.371,-9.155
1745843730,-0.835,-0.43,0.194,-15.869,95.581,-13.977
1745843730,-0.684,-0.415,0.282,1.77,137.512,5.554
1745843730,-0.935,-0.397,0.397,-22.583,151.489,4.333
1745843730,-0.772,-0.422,0.43,-21.79,139.465,-3.662
1745843730,-0.786,-0.365,0.528,-19.836,173.584,10.437
1745843731,-0.536,-0.33,0.614,-28.931,154.541,2.869
1745843731,-0.373,-0.337,0.643,-12.695,189.575,12.329
1745843731,-0.265,-0.264,0.769,-13.123,111.938,-0.488
1745843731,-0.287,-0.321,0.921,15.503,112.976,0.183
1745843731,-0.138,-0.412,0.913,-20.02,119.202,-2.319
1745843731,0.011,-0.31,0.906,-27.161,100.403,7.446
1745843731,0.227,-0.27,0.844,-65.308,106.506,21.606
1745843731,0.072,-0.106,0.984,-17.334,6.226,-4.944
1745843732,0.217,-0.187,0.958,-61.523,10.803,-1.77
1745843732,0.018,-0.122,0.947,-85.205,16.296,-5.371
1745843732,0.264,-0.022,0.975,-93.262,-29.114,0.793
1745843732,-0.022,0.087,0.923,-112.427,-9.949,-5.432
1745843732,0.067,0.164,0.842,-131.836,-16.113,-2.075
1745843732,-0.006,0.376,0.853,-135.742,-13.0,6.47
1745843732,0.022,0.464,0.883,-78.796,9.521,1.648
1745843732,0.076,0.456,0.821,-70.801,3.601,2.38
1745843732,0.011,0.514,0.839,-64.27,1.404,9.399
1745843732,0.082,0.631,0.809,-67.566,-7.202,10.803
1745843732,0.042,0.651,0.768,-55.237,12.146,3.54
1745843733,0.032,0.675,0.709,-39.917,0.977,8.362
1745843733,0.111,0.703,0.658,-20.691,0.0,5.615
1745843733,0.069,0.652,0.69,-41.931,6.592,5.554
1745843733,0.015,0.735,0.658,-15.808,10.376,1.892
1745843733,0.059,0.725,0.604,-8.362,-3.235,4.456
1745843733,0.021,0.772,0.604,-3.296,6.958,-0.671
1745843733,-0.001,0.63,0.571,-1.831,5.432,-1.526
1745843733,0.046,0.796,0.638,2.625,5.005,-2.075
1745843733,0.034,0.66,0.629,7.69,7.446,-6.165
1745843733,0.054,0.783,0.667,19.653,-1.038,-2.197
1745843733,0.067,0.687,0.625,27.832,12.512,-8.118
1745843733,0.071,0.687,0.646,37.598,2.136,-8.057
1745843733,0.035,0.627,0.678,81.787,-10.864,-9.46
1745843733,0.16,0.649,0.806,75.317,-13.916,-5.432
1745843733,0.043,0.509,0.771,77.393,11.658,-7.202
1745843733,0.011,0.412,0.812,88.318,-10.864,1.099
1745843733,0.141,0.496,0.928,65.796,-6.714,8.728
1745843733,-0.011,0.36,0.839,119.873,-11.536,-5.92
1745843733,0.188,0.258,0.909,85.754,-16.968,1.038
1745843734,-0.09,0.199,0.943,127.93,-25.146,-0.366
1745843734,0.083,-0.022,0.957,105.286,23.315,1.831
1745843734,0.035,-0.058,0.967,101.318,-24.292,10.681
1745843734,0.041,-0.182,0.961,86.853,15.198,15.137
1745843734,0.045,-0.207,0.951,63.538,6.897,16.296
1745843734,0.072,-0.273,0.928,45.593,16.846,8.484
1745843734,0.104,-0.275,0.946,20.508,0.122,9.521
1745843734,0.042,-0.293,0.938,18.372,16.296,3.601
1745843734,0.118,-0.315,0.923,8.24,-6.042,-0.488
1745843734,0.077,-0.306,0.947,-6.592,5.981,-0.916
1745843734,0.071,-0.292,0.924,-0.061,-7.019,-2.075
1745843734,0.062,-0.285,0.933,-2.075,18.127,2.014
1745843734,0.076,-0.282,0.91,5.249,-5.493,-0.977
1745843734,0.019,-0.334,0.922,0.488,0.183,-1.587
1745843734,0.083,-0.301,0.927,-2.38,-3.784,-2.625
1745843734,0.098,-0.289,0.932,4.456,1.648,0.793
1745843734,0.078,-0.309,0.934,-5.127,3.174,-0.061
1745843734,0.073,-0.288,0.927,-3.723,-0.061,-0.305
1745843734,0.104,-0.294,0.936,-10.498,4.883,-0.488
1745843735,0.114,-0.308,0.937,-35.522,-0.671,-0.366
1745843735,0.132,-0.283,0.928,-95.581,-13.245,-10.681
1745843735,0.035,-0.096,0.983,-139.832,-5.676,-15.686
1745843735,0.062,0.043,0.98,-103.394,10.254,-7.629
1745843735,0.116,0.091,0.945,-111.084,15.442,-4.333
1745843735,0.091,0.189,0.945,-118.408,-23.804,4.15
1745843735,0.088,0.311,0.922,-141.479,4.944,0.0
1745843735,0.021,0.52,0.856,-108.032,1.587,6.775
1745843735,0.1,0.51,0.77,-68.359,16.907,4.7
1745843735,0.07,0.533,0.766,-59.509,-2.197,11.536
1745843735,0.073,0.612,0.75,-56.641,-3.113,11.841
1745843735,0.069,0.62,0.723,-60.608,3.784,8.24
1745843735,0.047,0.64,0.668,-45.776,-5.31,7.874
1745843735,0.011,0.684,0.656,-28.809,6.775,5.066
1745843735,0.045,0.75,0.664,-31.25,-6.897,10.864
1745843735,0.035,0.665,0.615,-32.41,13.367,2.075
1745843735,0.018,0.763,0.593,-24.963,5.798,6.775
1745843735,0.051,0.758,0.581,-21.24,8.789,3.479
1745843735,0.013,0.81,0.544,4.578,6.836,-2.014
1745843736,0.027,0.75,0.541,17.273,-1.099,-4.028
1745843736,0.089,0.853,0.58,65.796,-10.437,-11.169
1745843736,0.053,0.81,0.681,141.846,-16.113,-18.188
1745843736,0.141,0.564,0.75,52.429,0.0,-8.545
1745843736,-0.007,0.634,0.829,76.477,-14.587,-4.211
1745843736,0.172,0.48,0.828,59.998,21.362,-8.24
1745843736,0.007,0.56,0.851,105.408,-17.761,10.925
1745843736,0.148,0.331,0.85,108.704,9.705,-1.648
1745843736,-0.094,0.333,0.885,94.849,6.348,13.611
1745843736,0.172,0.179,0.908,95.642,-13.55,2.38
1745843736,-0.035,0.169,0.983,104.858,11.841,11.292
1745843736,0.01,0.015,0.939,127.502,13.794,10.01
1745843736,0.228,-0.151,0.927,123.474,34.485,29.175
1745843736,0.105,-0.19,0.906,131.958,-41.931,16.174
1745843736,0.097,-0.393,0.92,67.383,22.827,11.108
1745843736,0.19,-0.411,0.952,-5.127,-30.457,-13.733
1745843736,-0.027,-0.328,0.968,-19.592,3.235,-10.193
1745843736,0.174,-0.319,0.934,-15.747,11.108,-2.808
1745843736,0.075,-0.283,0.928,-12.634,3.296,-3.906
1745843737,0.093,-0.269,0.937,-5.127,-3.906,0.854
1745843737,0.07,-0.268,0.93,-4.395,7.324,-0.488
1745843737,0.097,-0.26,0.94,-3.967,-3.296,0.183
1745843737,0.057,-0.243,0.939,12.207,5.798,4.517
1745843737,0.102,-0.278,0.936,24.109,-7.019,10.01
1745843737,0.071,-0.322,0.941,13.245,-4.333,5.737
1745843737,0.107,-0.304,0.919,8.362,-6.042,5.371
1745843737,0.062,-0.304,0.952,9.46,-13.611,7.507
1745843737,0.069,-0.328,0.943,12.207,-10.132,9.644
1745843737,0.047,-0.303,0.908,8.301,-6.714,8.972
1745843737,0.019,-0.264,0.921,21.606,-0.305,9.216
1745843737,0.071,-0.33,0.925,60.73,-9.399,17.883
1745843737,0.025,-0.398,0.857,71.045,-10.681,17.883
1745843737,0.035,-0.444,0.852,87.952,2.869,15.259
1745843737,0.09,-0.548,0.78,121.948,24.902,17.883
1745843737,0.222,-0.651,0.661,123.23,11.108,12.146
1745843737,0.081,-0.754,0.597,156.677,44.8,30.518
1745843737,0.14,-0.831,0.504,158.569,43.518,22.278
1745843737,0.232,-0.96,0.347,172.485,75.684,24.109
1745843737,0.254,-1.023,0.188,130.493,22.217,29.602
1745843738,0.363,-1.058,0.12,85.754,20.447,0.549
1745843738,0.185,-0.934,0.109,72.937,10.132,3.113
1745843738,0.311,-0.923,0.007,54.626,-3.601,-3.601
1745843738,0.334,-0.99,-0.012,48.462,1.892,3.723
1745843738,0.254,-0.989,-0.062,47.607,23.804,23.56
1745843738,0.256,-0.913,-0.103,19.165,15.32,19.226
1745843738,0.293,-0.938,-0.19,22.461,1.465,-2.991
1745843738,0.249,-1.035,-0.16,30.64,-4.7,-5.249
1745843738,0.266,-1.086,-0.082,-2.258,10.559,10.925
1745843738,0.328,-1.023,-0.106,-6.592,3.113,10.559
1745843738,0.251,-0.971,-0.068,-41.077,9.949,2.258
1745843738,0.428,-0.981,-0.054,-77.148,-50.537,-32.898
1745843738,0.419,-1.098,0.031,-154.907,-33.142,-30.09
1745843738,0.279,-0.959,0.128,-182.617,-30.151,-23.438
1745843738,0.358,-0.975,0.209,-190.674,-98.206,-35.278
1745843738,0.168,-0.728,0.469,-179.199,-19.287,-17.273
1745843738,-0.025,-0.766,0.557,-132.751,-20.142,-11.292
1745843738,0.319,-0.681,0.681,-120.056,-8.179,-6.226
1745843738,-0.022,-0.567,0.755,-127.747,-19.653,-11.536
1745843739,0.136,-0.488,0.832,-113.525,-64.697,-38.025
1745843739,-0.044,-0.353,0.939,-116.089,-53.894,-49.622
1745843739,-0.056,-0.328,0.934,-90.942,-44.495,-33.386
1745843739,-0.009,-0.266,0.957,-52.551,21.973,-16.541
1745843739,-0.131,-0.169,0.943,-52.856,-16.174,-18.677
1745843739,-0.062,-0.116,0.945,-41.931,8.972,-18.25
1745843739,-0.121,-0.105,0.943,-6.714,35.889,-6.165
1745843739,0.051,-0.101,0.953,-10.864,14.709,-3.296
1745843739,-0.057,-0.064,1.042,-5.676,3.601,-9.705
1745843739,0.059,-0.12,0.991,-4.578,11.108,-7.874
1745843739,0.027,-0.103,0.959,-8.545,-1.526,-3.479
1745843739,-0.002,-0.09,0.937,3.418,2.686,2.747
1745843739,0.015,-0.067,0.948,0.916,-2.502,3.174
1745843739,0.052,-0.112,0.951,9.888,5.554,2.136
1745843739,-0.044,-0.087,0.988,0.549,-0.244,2.441
1745843739,0.028,-0.088,0.998,9.583,10.376,3.479
1745843739,-0.006,-0.088,1.001,12.817,16.052,5.066
1745843739,0.044,-0.106,0.978,27.161,17.7,7.996
1745843739,0.005,-0.1,0.969,61.951,15.32,16.541
1745843740,0.023,-0.188,0.879,93.567,-4.944,19.653
1745843740,-0.001,-0.223,0.912,147.766,32.043,40.833
1745843740,0.259,-0.791,0.525,129.395,20.569,9.827
1745843740,0.207,-0.785,0.302,136.597,29.785,-2.014
1745843740,0.398,-0.966,0.231,139.343,30.029,5.493
1745843740,0.383,-1.022,0.253,125.183,21.423,7.812
1745843740,0.374,-0.988,0.171,110.596,38.025,11.902
1745843740,0.332,-1.004,0.139,82.153,10.193,14.221
1745843740,0.343,-0.849,-0.151,51.697,36.316,28.87
1745843740,0.474,-0.895,-0.119,63.782,-19.836,-26.184
1745843740,0.338,-0.901,-0.041,31.555,-16.235,-20.081
1745843740,0.406,-0.983,-0.09,19.287,-2.991,0.244
1745843740,0.221,-0.956,-0.107,-4.211,-12.451,-1.16
1745843740,0.334,-1.015,-0.112,-4.028,-7.935,-0.671
1745843740,0.286,-1.033,-0.097,-16.174,-8.484,-5.371
1745843740,0.341,-1.079,-0.079,-29.907,-4.517,-4.456
1745843741,0.288,-1.022,-0.027,-44.739,-0.122,3.845
1745843741,0.384,-1.045,-0.008,-82.458,-36.011,-11.353
1745843741,0.293,-0.943,0.023,-128.052,-26.306,-17.944
1745843741,0.268,-0.864,0.099,-155.151,-22.461,-23.499
1745843741,0.338,-0.759,0.189,-149.353,-15.564,-17.456
1745843741,0.186,-0.8,0.41,-96.619,4.578,0.671
1745843741,0.393,-0.872,0.528,-123.291,-14.221,-0.549
1745843741,0.278,-0.76,0.618,-174.5,-67.932,-32.41
1745843741,0.046,-0.471,0.816,-154.541,-85.022,-33.813
1745843741,0.098,-0.468,0.894,-118.652,-51.636,-37.048
1745843741,0.132,-0.453,0.878,-94.971,-16.296,-37.842
1745843741,-0.148,-0.262,0.985,-101.318,-44.556,-31.25
1745843741,0.194,-0.303,0.94,-55.725,-5.432,-27.405
1745843741,-0.365,-0.107,0.985,-69.641,-18.982,-27.588
1745843741,0.018,-0.07,0.978,-6.714,17.883,-15.747
1745843741,-0.08,-0.153,0.937,-2.93,13.855,-7.141
1745843741,-0.041,-0.134,0.981,-6.042,-24.597,-2.869
1745843741,-0.014,-0.165,0.967,10.193,3.723,2.319
1745843741,-0.077,-0.149,0.96,-0.793,-11.536,1.465
1745843741,-0.062,-0.139,0.95,3.296,0.671,0.977
1745843742,-0.043,-0.154,0.947,0.366,0.916,-3.418
1745843742,-0.038,-0.14,0.95,6.775,15.198,-0.854
1745843742,-0.042,-0.166,0.966,1.709,-7.568,-2.441
1745843742,-0.004,-0.167,0.971,1.648,2.136,-1.587
1745843742,-0.084,-0.155,0.983,-3.052,-6.287,-1.526
1745843742,-0.038,-0.147,0.974,1.831,2.014,-0.183
1745843742,-0.038,-0.166,0.955,-1.831,-2.686,0.0
1745843742,-0.027,-0.156,0.952,-0.671,3.967,0.732
1745843742,-0.079,-0.139,0.955,0.122,13.245,2.014
1745843742,-0.001,-0.147,0.959,-2.014,13.428,-0.244
1745843742,-0.048,-0.134,0.952,4.944,7.385,1.221
1745843742,-0.024,-0.158,0.958,2.014,-2.197,1.16
1745843742,-0.001,-0.161,0.975,4.028,-2.319,-0.061
1745843742,-0.043,-0.15,0.969,-0.427,-0.488,0.183
1745843742,-0.022,-0.159,0.955,1.587,-3.174,0.244
1745843742,-0.025,-0.145,0.95,4.456,2.075,0.549
1745843742,-0.047,-0.142,0.96,-1.282,0.916,0.977
1745843742,-0.025,-0.156,0.96,6.897,6.104,3.113
1745843742,-0.001,-0.175,0.957,-3.723,-3.784,-1.099
1745843743,-0.056,-0.14,0.956,6.897,5.371,2.808
1745843743,0.003,-0.174,0.944,6.531,-3.601,3.235
1745843743,-0.066,-0.176,0.959,-6.104,-4.517,8.118
1745843743,-0.004,-0.159,0.962,-10.681,-0.122,17.151
1745843743,-0.032,-0.126,0.954,-13.0,0.061,27.71
1745843743,-0.007,-0.139,0.958,0.427,-12.146,32.227
1745843743,-0.051,-0.128,0.966,-12.329,-23.132,52.307
1745843743,-0.058,-0.1,0.969,-7.08,-33.264,81.055
1745843743,-0.092,-0.117,0.951,-14.709,-30.884,93.872
1745843743,-0.066,-0.122,0.946,2.258,-12.146,78.613
1745843743,-0.057,-0.126,0.971,16.113,-21.484,75.867
1745843743,-0.117,-0.19,0.942,-5.798,-30.457,52.734
1745843743,-0.142,-0.155,0.961,-2.014,-23.56,54.138
1745843743,-0.179,-0.14,0.974,-31.86,-6.409,60.852
1745843743,-0.1,-0.076,0.98,-19.348,-5.188,59.204
1745843743,-0.057,-0.093,1.026,-27.527,-15.198,49.255
1745843743,-0.134,-0.098,0.967,-17.578,-15.076,45.288
1745843743,-0.114,-0.074,0.988,-10.803,-3.723,34.729
1745843743,-0.173,-0.081,0.938,-4.028,-5.615,22.644
1745843744,-0.159,-0.051,0.953,-3.601,0.488,14.954
1745843744,-0.17,-0.061,0.937,-9.216,-0.732,12.634
1745843744,-0.179,-0.048,0.937,-1.526,-2.686,6.714
1745843744,-0.17,-0.061,0.913,0.488,-1.953,0.977
1745843744,-0.177,-0.041,0.939,14.038,-4.517,-5.432
1745843744,-0.218,-0.09,0.92,13.184,-12.207,-20.874
1745843744,-0.191,-0.066,0.977,4.211,8.484,-32.41
1745843744,-0.216,-0.125,0.943,15.381,5.188,-51.27
1745843744,-0.142,-0.099,0.968,-7.874,22.278,-85.388
1745843744,-0.117,-0.044,0.964,29.724,22.278,-81.848
1745843744,-0.245,-0.087,0.949,7.019,7.141,-104.248
1745843744,-0.12,-0.089,0.972,11.597,43.579,-82.764
1745843744,-0.015,-0.084,0.967,17.7,35.095,-84.9
1745843744,-0.069,-0.102,0.966,27.283,30.762,-90.027
1745843744,-0.168,-0.11,0.971,58.594,16.052,-102.295
1745843744,-0.095,-0.207,0.934,27.893,46.936,-60.425
1745843744,-0.018,-0.188,0.933,-6.47,35.706,-29.358
1745843744,0.035,-0.173,0.928,-8.118,14.465,-25.574
1745843744,-0.005,-0.129,0.948,3.052,26.917,-12.451
1745843745,0.099,-0.163,0.951,9.766,10.559,-10.071
1745843745,0.048,-0.171,0.972,1.343,3.418,-2.38
1745843745,0.06,-0.168,0.974,6.47,0.488,-0.122
1745843745,0.092,-0.17,0.973,1.892,6.531,-1.221
1745843745,0.032,-0.145,0.964,0.183,-6.653,1.831
1745843745,0.095,-0.175,0.949,4.272,3.784,0.183
1745843745,0.019,-0.163,0.977,-0.854,-4.211,0.183
1745843745,0.09,-0.181,0.942,2.991,2.991,1.282
1745843745,0.052,-0.167,0.961,-2.197,-2.808,0.61
1745843745,0.066,-0.171,0.955,2.563,-2.441,-0.183
1745843745,0.077,-0.166,0.947,0.854,0.854,1.404
1745843745,0.05,-0.164,0.959,2.136,-0.854,0.671
1745843745,0.054,-0.171,0.96,2.319,-1.099,1.709
1745843745,0.061,-0.175,0.958,3.54,-4.089,3.967
1745843745,0.044,-0.175,0.963,1.587,-3.784,0.671
1745843745,0.034,-0.161,0.972,-0.671,-5.798,-0.061
1745843745,0.042,-0.168,0.96,0.61,-5.615,4.211
1745843746,0.03,-0.169,0.952,6.592,-10.925,12.878
1745843746,0.031,-0.207,0.945,-4.639,-4.578,22.339
1745843746,0.076,-0.168,0.976,-11.292,-4.028,7.263
1745843746,-0.004,-0.148,0.957,3.113,-5.127,-2.869
1745843746,-0.005,-0.151,0.948,0.61,-5.005,-5.432
1745843746,0.004,-0.161,0.963,3.906,9.827,-7.568
1745843746,0.06,-0.174,0.976,8.606,9.644,-10.559
1745843746,0.081,-0.146,0.994,9.583,2.258,-18.555
1745843746,0.026,-0.201,0.999,8.667,11.108,-25.391
1745843746,0.061,-0.22,0.934,-3.479,21.484,-39.551
1745843746,0.003,-0.179,0.922,-4.761,7.568,-43.03
1745843746,0.014,-0.183,0.946,5.493,17.578,-47.913
1745843746,0.079,-0.213,0.955,-1.77,-12.146,-64.27
1745843746,-0.01,-0.167,0.974,-1.77,26.123,-72.754
1745843746,-0.115,-0.199,0.954,-7.751,-10.986,-80.566
1745843746,0.07,-0.258,0.956,9.277,22.644,-77.759
1745843746,-0.08,-0.209,0.95,-13.306,11.78,-70.251
1745843746,0.057,-0.191,0.901,22.888,32.776,-48.279
1745843746,-0.125,-0.164,1.016,4.944,16.541,-45.349
1745843747,0.051,-0.228,0.957,1.892,10.193,-41.138
1745843747,0.112,-0.254,0.945,-6.226,7.629,-34.668
1745843747,0.083,-0.231,0.927,7.996,18.86,-23.376
1745843747,0.059,-0.209,0.925,4.883,8.057,-16.968
1745843747,0.144,-0.22,0.904,2.319,9.827,-12.939
1745843747,0.031,-0.217,0.924,11.169,7.935,-2.441
1745843747,0.119,-0.229,0.935,1.221,-2.319,-4.089
1745843747,0.074,-0.249,0.961,7.263,7.568,5.31
1745843747,0.057,-0.27,0.959,-0.61,-2.441,4.395
1745843747,0.116,-0.229,0.935,0.732,0.0,6.104
1745843747,0.088,-0.269,0.949,4.639,-2.563,27.527
1745843747,0.081,-0.281,0.93,0.854,-20.386,50.659
1745843747,0.123,-0.354,0.818,6.104,-58.96,66.956
1745843747,0.031,-0.228,0.958,-21.057,-59.448,60.852
1745843747,-0.283,-0.169,0.993,9.644,-63.293,97.595
1745843747,-0.049,-0.188,0.984,-13.977,-32.654,82.642
1745843747,-0.179,-0.153,0.914,-21.362,-59.753,111.816
1745843747,-0.107,-0.158,0.995,-40.649,-17.944,67.322
1745843747,-0.048,-0.239,0.914,-29.358,6.836,84.839
1745843747,-0.055,-0.084,0.961,-36.743,17.09,56.274
1745843747,0.06,-0.129,0.985,-18.25,8.24,42.48
1745843748,-0.07,-0.104,0.962,-11.108,-3.662,17.883
1745843748,-0.013,-0.061,0.982,2.319,-5.31,3.54
1745843748,-0.084,-0.089,0.966,-7.202,5.859,0.549
1745843748,-0.047,-0.079,0.946,-5.432,4.761,-2.869
1745843748,-0.102,-0.083,0.968,2.319,-7.812,5.615
1745843748,-0.016,-0.104,0.97,3.418,-2.014,0.671
1745843748,-0.11,-0.081,0.953,1.465,0.732,10.681
1745843748,-0.027,-0.067,0.951,12.146,1.16,7.263
1745843748,-0.09,-0.1,0.983,8.667,-17.517,4.944
1745843748,-0.046,-0.126,0.978,0.732,3.357,0.977
1745843748,-0.077,-0.103,0.963,2.686,-4.883,2.686
1745843748,-0.066,-0.103,0.973,1.404,3.479,-6.042
1745843748,-0.094,-0.092,0.968,1.343,-5.615,-8.728
1745843748,-0.071,-0.098,0.988,5.493,7.202,-16.174
1745843748,-0.088,-0.105,0.966,19.226,-2.136,-25.208
1745843748,-0.071,-0.129,0.957,5.31,11.841,-45.532
1745843748,-0.078,-0.126,0.951,26.245,15.869,-89.905
1745843748,-0.073,-0.17,0.924,35.156,52.368,-123.23
1745843748,-0.055,-0.167,0.905,22.644,52.063,-123.23
1745843749,-0.121,-0.15,0.941,26.489,41.87,-77.942
1745843749,0.125,-0.22,0.958,-22.095,30.945,-63.538
1745843749,-0.043,-0.176,0.979,14.526,13.672,-47.424
1745843749,0.166,-0.261,0.975,8.667,2.075,-36.926
1745843749,-0.013,-0.195,0.985,13.0,14.954,-19.47
1745843749,0.088,-0.264,0.959,5.615,18.86,-5.859
1745843749,-0.028,-0.236,0.989,-1.77,-2.258,1.709
1745843749,0.1,-0.243,0.932,-3.54,8.362,1.404
1745843749,0.02,-0.19,0.955,-9.46,-1.526,-0.793
1745843749,0.103,-0.197,0.917,-1.831,6.165,0.061
1745843749,0.05,-0.216,0.955,-6.042,3.723,0.977
1745843749,0.126,-0.229,0.922,2.075,0.183,7.263
1745843749,0.087,-0.202,0.953,-2.747,-5.249,6.042
1745843749,0.076,-0.23,0.919,5.676,-5.188,23.621
1745843749,0.102,-0.234,0.927,-21.057,-23.01,36.255
1745843749,0.081,-0.162,0.959,-19.409,-31.982,47.729
1745843749,-0.072,-0.147,0.954,2.197,-27.405,75.745
1745843749,-0.013,-0.135,0.994,-6.348,-40.955,48.34
1745843749,0.038,-0.15,0.936,-10.498,-14.709,83.984
1745843750,-0.006,-0.08,0.965,-18.372,-42.297,103.699
1745843750,-0.092,-0.186,0.888,-4.15,-40.833,132.141
1745843750,-0.108,-0.107,0.96,-22.278,-11.23,35.4
1745843750,-0.175,-0.122,0.993,-11.78,-23.438,32.288
1745843750,-0.11,-0.085,1.003,-27.466,15.259,-8.545
1745843750,-0.074,-0.059,0.99,-11.719,8.545,1.892
1745843750,-0.058,-0.036,0.96,-12.695,16.968,-4.456
1745843750,-0.028,-0.043,0.966,2.075,4.211,-0.793
1745843750,-0.028,-0.049,0.971,1.16,7.08,-1.526
1745843750,-0.019,-0.043,0.971,4.333,4.578,10.864
1745843750,-0.019,-0.042,0.958,18.677,5.981,5.127
1745843750,-0.061,-0.112,0.954,-2.136,14.221,9.216
1745843750,-0.036,-0.044,0.943,-17.761,17.883,15.076
1745843750,-0.062,-0.043,0.941,0.793,5.981,34.241
1745843750,-0.012,-0.037,0.936,6.226,8.545,47.546
1745843750,0.008,-0.027,1.004,16.602,-25.33,76.904
1745843750,-0.012,-0.083,1.02,5.737,-19.165,99.243
1745843750,-0.009,-0.117,1.021,-16.113,-39.978,107.544
1745843750,-0.074,-0.089,0.966,-33.813,-22.888,119.08
1745843750,-0.061,0.006,0.961,-30.151,-3.418,119.08
1745843751,-0.002,-0.014,0.932,-35.706,-22.827,106.384
1745843751,-0.102,0.097,0.958,-3.357,8.606,60.73
1745843751,-0.018,0.067,0.949,7.507,-14.771,40.222
1745843751,-0.136,0.014,0.948,27.039,-18.494,25.208
1745843751,-0.14,-0.03,0.926,18.921,-2.319,14.099
1745843751,-0.168,-0.064,0.95,21.729,-11.047,7.507
1745843751,-0.168,-0.102,0.951,3.357,-1.526,-3.906
1745843751,-0.147,-0.054,0.982,6.104,4.272,-10.132
1745843751,-0.122,-0.076,0.976,-7.324,8.667,-9.46
1745843751,-0.074,-0.042,0.967,-3.113,20.508,-21.179
1745843751,-0.046,-0.019,0.97,5.188,-0.671,-41.016
1745843751,-0.213,-0.028,0.994,10.315,-14.587,-85.938
1745843751,-0.073,-0.056,0.957,20.569,3.845,-89.539
1745843751,-0.109,-0.048,0.994,5.371,13.245,-76.355
1745843751,-0.142,-0.063,0.927,12.573,35.461,-72.754
1745843751,-0.037,-0.025,0.964,63.171,28.748,-118.469
1745843751,-0.038,-0.145,0.927,62.927,6.348,-68.665
1745843751,-0.073,-0.204,0.939,21.057,31.86,-60.364
1745843751,-0.015,-0.166,0.974,-4.395,29.968,-10.62
1745843752,-0.012,-0.173,0.989,-12.756,14.648,-4.333
1745843752,-0.038,-0.14,0.979,-9.766,4.456,1.953
1745843752,-0.07,-0.125,0.98,-4.517,0.183,3.662
1745843752,-0.025,-0.131,0.953,-3.052,-2.563,5.066
1745843752,0.001,-0.152,0.946,-18.311,1.038,7.874
1745843752,-0.024,-0.092,0.957,-34.973,-7.324,18.311
1745843752,-0.047,-0.021,0.942,-20.569,-19.104,-11.047
1745843752,-0.063,-0.004,0.989,-1.953,4.883,-25.391
1745843752,-0.003,-0.061,1.021,9.46,4.272,-45.349
1745843752,-0.014,-0.052,1.063,24.597,17.944,-80.078
1745843752,0.019,-0.097,1.0,68.054,1.038,-89.783
1745843752,-0.127,-0.192,0.953,71.899,2.869,-93.567
1745843752,0.035,-0.292,0.899,18.25,-13.367,-84.229
1745843752,-0.134,-0.264,0.915,-26.917,32.959,-92.773
1745843752,-0.111,-0.205,0.882,-33.264,63.599,-81.116
1745843752,0.005,-0.199,0.908,-16.846,65.613,-60.913
1745843752,0.121,-0.142,0.909,9.277,55.115,-32.166
1745843752,0.132,-0.147,0.964,13.123,11.475,-13.489
1745843752,0.111,-0.173,1.034,9.155,1.343,-9.827
1745843753,0.062,-0.187,1.013,-5.066,1.282,-8.057
1745843753,0.153,-0.193,0.948,-0.916,9.644,-5.615
1745843753,0.09,-0.155,0.955,2.014,3.357,5.371
1745843753,0.115,-0.17,0.939,-5.005,-3.479,5.005
1745843753,0.145,-0.168,0.932,8.545,-1.404,13.55
1745843753,0.107,-0.158,0.944,27.832,-8.911,39.49
1745843753,0.199,-0.225,0.899,35.828,-19.714,53.467
1745843753,0.049,-0.203,0.96,18.616,-73.12,56.213
1745843753,-0.023,-0.312,0.959,-0.977,-44.312,88.989
1745843753,0.019,-0.208,0.958,-24.414,-50.049,67.81
1745843753,-0.006,-0.187,0.938,-30.64,-4.028,82.703
1745843753,0.03,-0.136,0.9,-18.127,4.089,34.607
1745843753,-0.016,-0.117,0.909,-0.671,-5.493,18.127
1745843753,-0.014,-0.132,0.964,-5.432,-9.094,-1.648
1745843753,-0.02,-0.188,0.998,-8.362,12.268,-3.052
1745843753,-0.027,-0.162,0.993,-11.536,5.432,1.77
1745843753,0.04,-0.111,0.983,-11.23,0.244,-2.93
1745843753,-0.021,-0.092,0.953,0.671,9.949,2.258
1745843753,0.037,-0.106,0.951,1.648,-3.906,0.488
1745843754,-0.024,-0.109,0.962,6.958,5.005,1.892
1745843754,0.025,-0.13,0.963,8.789,1.16,-4.15
1745843754,-0.003,-0.12,0.953,7.324,3.479,2.014
1745843754,0.052,-0.124,0.973,13.0,0.793,2.563
1745843754,0.001,-0.172,0.969,12.878,-6.348,-1.404
1745843754,0.012,-0.158,0.958,7.08,4.395,0.977
1745843754,0.02,-0.154,0.935,7.812,-5.615,-1.282
1745843754,0.022,-0.172,0.947,3.967,6.531,0.061
1745843754,0.026,-0.162,0.969,10.254,-1.831,-0.427
1745843754,0.022,-0.19,0.982,10.071,7.202,0.244
1745843754,0.039,-0.193,0.966,-0.244,-0.916,-1.648
1745843754,0.012,-0.182,0.946,0.366,8.972,-0.183
1745843754,0.049,-0.181,0.965,1.709,-1.465,-2.93
1745843754,0.042,-0.176,1.028,10.193,6.104,0.183
1745843754,0.073,-0.205,1.077,8.911,8.911,2.808
1745843754,0.035,-0.248,1.084,-0.427,-13.306,-3.906
1745843754,-0.007,-0.207,1.021,-1.404,2.197,-1.587
1745843754,0.042,-0.199,0.984,2.625,-18.066,2.502
1745843754,-0.044,-0.217,0.964,4.639,-5.737,15.869
1745843755,-0.007,-0.169,0.921,7.69,-16.846,4.272
1745843755,0.018,-0.224,0.919,24.292,-2.625,1.16
1745843755,0.019,-0.26,0.89,23.987,-17.578,-1.77
1745843755,-0.059,-0.269,0.893,10.742,-9.094,9.155
1745843755,-0.025,-0.254,0.893,5.188,8.24,9.888
1745843755,0.009,-0.257,0.928,2.93,-0.916,2.014
1745843755,-0.008,-0.271,0.956,-12.085,-2.38,1.526
1745843755,-0.023,-0.246,0.941,-13.733,6.104,4.639
1745843755,-0.007,-0.217,0.955,-12.817,-5.188,2.319
1745843755,-0.033,-0.229,0.979,-9.766,-3.967,0.305
1745843755,-0.001,-0.228,0.946,-22.339,-9.644,-7.385
1745843755,-0.054,-0.187,0.923,-25.452,-5.737,-2.869
1745843755,-0.025,-0.145,0.899,-12.085,0.549,0.61
1745843755,-0.053,-0.122,0.908,-3.845,-3.235,0.366
1745843755,-0.054,-0.137,0.909,-0.732,2.441,1.77
1745843755,-0.018,-0.138,0.892,-7.751,-3.235,-5.005
1745843755,-0.043,-0.123,0.891,-3.479,-2.747,-4.272
1745843755,-0.026,-0.116,0.876,5.432,-0.671,2.258
1745843755,-0.04,-0.129,0.85,15.198,-6.531,16.541
1745843756,-0.004,-0.132,0.871,10.986,15.198,6.287
1745843756,0.004,-0.176,0.891,-10.681,-2.563,-0.366
1745843756,-0.026,-0.169,0.919,-14.038,8.484,3.54
1745843756,-0.047,-0.164,0.97,-9.033,11.353,7.996
1745843756,0.023,-0.125,0.957,-20.386,5.981,-6.836
1745843756,-0.061,-0.127,0.979,-19.897,4.639,-6.226
1745843756,0.028,-0.065,0.959,-20.813,13.489,-4.395
1745843756,-0.034,-0.061,0.992,-7.507,11.353,2.808
1745843756,0.029,-0.082,0.983,10.559,15.259,2.747
1745843756,0.014,-0.07,1.041,15.503,5.31,-2.686
1745843756,0.039,-0.1,1.023,-3.662,5.188,-8.118
1745843756,0.092,-0.089,0.998,-19.47,-14.954,-12.695
1745843756,-0.002,-0.059,0.954,-23.926,-3.418,-7.629
1745843756,0.045,-0.024,0.938,-12.695,3.723,-2.808
1745843756,-0.036,-0.009,0.928,-4.7,10.437,1.16
1745843756,0.04,-0.039,0.948,0.183,16.052,-5.005
1745843756,0.051,-0.034,0.98,4.944,-1.282,-5.615
1745843756,0.064,-0.059,0.985,5.798,-2.319,-6.775
1745843756,0.042,-0.047,1.016,5.859,-6.348,-3.54
1745843757,0.051,-0.038,1.006,4.028,0.793,-3.418
1745843757,0.051,-0.059,0.996,2.197,-2.625,-2.319
1745843757,0.062,-0.044,1.027,10.803,-4.456,0.427
1745843757,0.043,-0.075,1.043,9.827,3.174,1.099
1745843757,0.019,-0.066,1.045,5.615,-1.16,2.136
1745843757,0.003,-0.054,1.042,7.08,2.625,0.854
1745843757,0.03,-0.067,1.032,4.395,-3.601,-1.038
1745843757,0.032,-0.064,1.03,21.851,-7.08,-3.479
1745843757,-0.032,-0.12,0.998,27.832,-3.723,-3.479
1745843757,0.11,-0.16,1.043,19.958,8.484,-2.441
1745843757,-0.005,-0.135,1.015,16.968,-13.306,1.526
1745843757,0.052,-0.161,0.989,-1.709,4.15,-1.526
1745843757,0.004,-0.14,0.971,2.869,-6.714,2.869
1745843757,0.005,-0.162,0.958,5.92,3.418,8.179
1745843757,0.031,-0.153,0.947,5.188,4.456,5.493
1745843757,-0.015,-0.16,0.935,4.15,-4.15,5.615
1745843757,0.02,-0.167,0.954,11.108,7.019,10.925
1745843758,0.044,-0.169,0.959,5.066,-12.695,6.714
1745843758,0.012,-0.171,0.965,0.427,-12.878,6.714
1745843758,0.022,-0.189,0.974,-3.052,-6.714,2.441
1745843758,-0.007,-0.168,0.964,-6.287,-9.46,1.587
1745843758,-0.023,-0.166,0.952,-6.897,-2.93,5.798
1745843758,-0.035,-0.162,0.97,-6.287,-2.991,6.226
1745843758,0.006,-0.165,0.958,-8.972,-3.418,2.197
1745843758,-0.015,-0.148,0.926,-20.874,-18.677,-6.042
1745843758,-0.022,-0.12,0.936,-10.498,-3.113,-3.418
1745843758,-0.021,-0.135,0.916,-5.493,-3.784,2.258
1745843758,0.007,-0.14,0.906,-5.92,-7.996,-0.122
1745843758,-0.085,-0.1,0.873,-19.531,-22.095,-8.728
1745843758,-0.086,-0.069,0.857,-9.644,8.667,-0.671
1745843758,-0.028,-0.07,0.818,0.427,0.854,0.122
1745843758,-0.053,-0.07,0.886,5.676,4.7,0.732
1745843758,-0.041,-0.104,0.904,6.348,11.169,0.61
1745843758,-0.079,-0.092,0.904,-1.892,20.691,1.648
1745843758,0.043,-0.089,0.92,8.911,27.527,-3.723
1745843758,0.017,-0.089,0.938,16.113,20.142,-4.089
1745843758,0.064,-0.127,0.975,13.733,14.587,-4.211
1745843759,0.007,-0.144,1.02,6.104,5.432,-6.714
1745843759,0.087,-0.166,0.96,-15.076,-0.977,-11.963
1745843759,-0.021,-0.091,0.975,-15.259,-12.207,-7.935
1745843759,0.02,-0.081,0.951,-4.883,11.292,-8.179
1745843759,0.041,-0.068,0.972,-7.385,-5.615,-9.094
1745843759,0.008,-0.053,0.997,-3.113,2.258,-5.554
1745843759,0.02,-0.054,1.014,2.747,3.418,-4.578
1745843759,-0.005,-0.077,0.985,6.958,23.865,2.197
1745843759,0.1,-0.098,0.963,-2.075,-6.165,-4.028
1745843759,-0.008,-0.085,0.984,-0.061,-5.981,2.869
1745843759,0.112,-0.095,0.979,-0.366,-10.437,-3.845
1745843759,-0.037,-0.059,1.033,7.507,5.127,4.517
1745843759,0.088,-0.097,1.033,8.179,2.197,-0.793
1745843759,-0.003,-0.082,1.034,1.282,-1.038,0.854
1745843759,0.062,-0.108,1.008,3.967,10.437,1.77
1745843759,0.006,-0.102,0.968,-0.366,-10.864,2.014
1745843759,0.058,-0.103,0.965,5.188,0.854,-0.366
1745843759,0.032,-0.103,0.96,2.808,0.061,2.441
1745843759,0.033,-0.1,0.961,2.93,-1.953,0.916
1745843760,0.05,-0.112,0.96,2.869,2.197,-0.549
1745843760,0.012,-0.097,0.972,0.366,-0.427,1.16
1745843760,0.033,-0.101,0.966,4.7,2.197,1.404
1745843760,0.039,-0.116,0.96,2.014,-4.028,-0.732
1745843760,0.035,-0.109,0.965,4.822,2.686,0.732
1745843760,0.028,-0.086,0.982,7.202,-5.188,0.671
1745843760,0.049,-0.061,1.403,53.101,2.808,3.296
1745843760,0.263,-0.539,1.977,48.279,16.968,-4.028
1745843760,0.057,-0.67,1.8,-97.9,-15.32,51.88
1745843760,-0.031,0.069,-0.174,-208.74,-15.625,24.353
1745843760,-0.174,0.483,-0.646,-16.785,-14.648,5.92
1745843760,0.0,0.067,0.363,105.164,20.264,-13.489
1745843760,0.122,-0.24,1.181,72.021,-6.226,-5.249
1745843760,0.158,-0.187,1.234,22.461,29.175,-1.831
1745843760,0.105,-0.092,1.068,-8.85,-20.63,-8.423
1745843760,0.021,-0.084,1.087,11.475,7.568,4.395
1745843760,0.032,-0.111,1.013,-14.038,-10.803,0.549
1745843760,-0.044,-0.1,1.054,3.723,3.296,7.141
1745843761,0.119,-0.136,0.959,-2.991,6.226,2.747
1745843761,-0.043,-0.059,0.946,-0.732,-0.549,1.526
1745843761,0.04,-0.094,0.938,6.531,2.747,0.122
1745843761,0.01,-0.082,0.956,0.793,-4.7,-3.357
1745843761,0.074,-0.089,0.936,4.761,6.775,-0.671
1745843761,0.02,-0.083,0.949,4.822,0.427,-2.136
1745843761,0.063,-0.096,0.955,6.287,9.766,-0.977
1745843761,0.056,-0.105,0.964,3.906,5.859,-0.854
1745843761,0.052,-0.091,0.944,-0.244,4.456,-1.953
1745843761,0.06,-0.087,0.943,5.615,7.263,0.916
1745843761,0.062,-0.087,0.904,-0.427,-1.343,-0.549
1745843761,0.027,-0.074,0.883,5.249,11.658,2.93
1745843761,0.103,-0.108,0.878,10.01,23.865,-1.099
1745843761,0.132,-0.125,0.913,-2.563,-8.362,-7.263
1745843761,0.084,-0.114,0.944,1.709,-5.005,-7.08
1745843761,0.113,-0.113,0.927,-3.784,-9.827,-6.47
1745843761,0.029,-0.097,1.035,14.771,6.531,-5.676
1745843761,0.119,-0.161,1.058,18.066,11.353,-6.226
1745843761,0.062,-0.151,1.082,7.202,-2.747,-3.906
1745843761,0.077,-0.16,1.037,1.953,-0.549,-2.808
1745843762,0.077,-0.146,1.001,-2.38,-4.7,-2.686
1745843762,0.103,-0.146,0.951,1.282,8.545,-1.099
1745843762,0.072,-0.14,0.941,-2.136,-8.789,-0.427
1745843762,0.103,-0.136,0.958,5.92,5.859,-0.732
1745843762,0.067,-0.147,0.964,2.319,-1.77,-1.343
1745843762,0.087,-0.145,0.968,3.052,1.587,0.122
1745843762,0.104,-0.153,0.973,2.625,2.991,-0.061
1745843762,0.056,-0.147,0.978,2.747,2.808,1.221
1745843762,0.093,-0.144,0.974,3.052,-5.249,-0.061
1745843762,0.053,-0.126,0.992,7.385,-1.892,-1.099
1745843762,0.122,-0.141,1.159,21.79,8.118,0.977
1745843762,-0.029,-0.497,2.443,18.616,62.5,24.048
1745843762,0.483,-0.537,1.729,-176.758,-96.497,30.823
1745843762,0.371,-0.112,-0.089,-137.024,-61.157,31.616
1745843762,-0.237,0.288,-0.767,17.578,-39.062,31.555
1745843762,-0.306,0.224,-0.136,120.85,37.537,9.827
1745843762,0.098,-0.242,0.955,93.689,51.941,-7.812
1745843762,0.241,-0.27,1.357,22.156,52.429,-14.343
1745843762,0.166,-0.205,1.343,15.991,24.109,-11.536
1745843763,0.232,-0.226,1.139,-1.465,-7.385,-8.057
1745843763,-0.023,-0.167,1.103,-2.625,-13.916,-3.784
1745843763,0.182,-0.186,1.004,2.563,12.634,-0.732
1745843763,0.057,-0.136,0.99,-11.108,-8.423,0.061
1745843763,0.126,-0.127,0.943,-0.061,5.249,1.648
1745843763,0.104,-0.119,0.922,-6.409,10.315,-0.305
1745843763,0.084,-0.093,0.89,-8.85,1.343,0.061
1745843763,0.118,-0.103,0.884,0.61,-3.296,-1.77
1745843763,0.132,-0.111,0.887,-6.653,-7.874,-4.761
1745843763,0.105,-0.123,0.888,-9.583,1.221,-4.028
1745843763,0.179,-0.128,0.852,-14.465,-7.935,-10.071
1745843763,0.073,-0.07,0.932,7.324,-6.775,-2.747
1745843763,0.085,-0.081,0.964,13.062,0.977,-2.869
1745843763,0.084,-0.102,1.014,11.047,4.761,-3.906
1745843763,0.064,-0.103,1.054,14.221,6.042,-5.92
1745843763,0.072,-0.115,1.052,11.292,7.751,-2.441
1745843763,0.103,-0.132,1.037,11.78,-3.601,-2.075
1745843763,0.119,-0.144,1.005,6.287,0.488,-2.93
1745843763,0.102,-0.14,0.982,4.028,2.075,-0.244
1745843764,0.109,-0.141,0.955,0.183,-3.479,0.183
1745843764,0.085,-0.146,0.961,2.808,2.502,-0.305
1745843764,0.092,-0.141,0.957,1.953,-1.038,-0.732
1745843764,0.088,-0.139,0.957,1.709,4.395,-1.221
1745843764,0.111,-0.148,0.949,1.099,-4.333,-1.343
1745843764,0.076,-0.134,0.963,1.831,-2.991,-0.793
1745843764,0.178,-0.165,0.972,8.667,-6.531,-2.441
1745843764,0.069,-0.165,1.535,44.617,8.911,3.784
1745843764,0.252,-0.447,2.252,6.775,-22.949,23.926
1745843764,-0.048,-0.495,1.779,-109.253,3.235,45.471
1745843764,0.16,-0.152,-0.025,-196.289,-71.533,10.742
1745843764,-0.01,0.342,-0.863,-45.959,-28.809,-7.324
1745843764,-0.174,0.252,-0.042,99.365,36.682,-6.348
1745843764,0.111,-0.141,1.084,72.021,14.404,-15.808
1745843764,0.171,-0.192,1.268,32.41,39.734,-11.963
1745843764,0.09,-0.105,1.213,13.733,3.54,-9.155
1745843764,0.127,-0.105,1.125,17.09,1.648,-5.493
1745843764,0.056,-0.164,1.075,0.0,-8.24,-3.845
1745843765,0.04,-0.077,0.94,8.972,8.85,-7.568
1745843765,0.106,-0.109,0.971,4.578,-7.446,-6.104
1745843765,0.115,-0.133,0.991,4.822,5.981,-9.094
1745843765,0.094,-0.089,1.018,15.137,8.423,-2.502
1745843765,0.12,-0.113,1.029,9.644,10.315,-0.122
1745843765,0.065,-0.102,1.035,2.563,-5.676,-1.526
1745843765,0.088,-0.115,1.014,3.784,8.789,1.221
1745843765,0.113,-0.127,0.979,-4.944,-6.775,-0.549
1745843765,0.075,-0.106,0.963,1.709,8.423,1.587
1745843765,0.11,-0.128,0.952,0.488,-0.244,1.77
1745843765,0.079,-0.107,0.98,2.38,-1.648,0.488
1745843765,0.125,-0.14,0.979,0.244,-1.282,0.549
1745843765,0.058,-0.105,0.984,-8.362,-4.028,-3.113
1745843765,0.124,-0.1,0.983,4.517,1.404,2.136
1745843765,0.083,-0.098,1.051,-0.244,-8.423,-1.16
1745843766,0.09,-0.104,1.139,3.357,0.061,3.601
1745843766,0.067,-0.111,1.135,-9.46,-12.024,5.066
1745843766,0.076,-0.113,1.032,-6.47,-3.784,7.202
1745843766,0.076,-0.099,0.902,2.319,-25.696,0.305
1745843766,-0.006,-0.09,0.861,0.916,-8.118,4.761
1745843766,0.075,-0.105,0.878,-7.935,-9.766,2.319
1745843766,0.012,-0.097,0.872,-9.705,-3.845,1.038
1745843766,0.087,-0.112,0.822,-1.465,13.55,4.333
1745843766,0.133,-0.298,0.618,-17.578,-11.841,10.803
1745843766,0.017,0.234,-0.481,-123.901,-39.551,-30.701
1745843766,-0.344,0.519,0.45,200.867,67.993,-27.527
1745843766,0.456,-0.94,2.389,83.801,-30.457,-26.306
1745843766,0.084,-0.335,1.783,-25.208,40.588,-19.958
1745843766,0.097,-0.18,1.044,-45.105,-26.672,0.793
1745843766,0.008,-0.117,0.869,-5.005,15.381,13.428
1745843766,-0.004,-0.142,0.893,-16.968,-20.325,8.362
1745843766,0.042,-0.104,0.935,-4.089,8.911,5.493
1745843767,0.079,-0.153,0.964,-0.916,-4.639,3.845
1745843767,-0.028,-0.093,1.026,3.235,-1.709,3.662
1745843767,0.097,-0.135,1.009,2.563,4.761,2.075
1745843767,-0.045,-0.068,1.04,2.869,7.141,2.014
1745843767,0.102,-0.129,0.98,7.385,8.789,2.991
1745843767,0.064,-0.105,0.961,-7.019,2.563,1.099
1745843767,0.115,-0.1,0.937,3.845,11.414,4.761
1745843767,0.106,-0.123,0.914,-12.39,-15.198,0.916
1745843767,0.019,-0.079,0.926,-1.465,-4.517,2.869
1745843767,0.099,-0.109,0.926,-0.793,7.629,6.348
1745843767,0.115,-0.103,0.942,-2.014,-9.705,4.517
1745843767,0.062,-0.093,0.967,3.784,11.23,10.986
1745843767,0.099,-0.115,0.964,8.301,1.77,11.902
1745843767,0.076,-0.11,1.017,-4.333,-11.292,6.958
1745843767,0.091,-0.132,0.982,-9.338,-15.869,6.836
1745843767,0.055,-0.102,0.968,-14.465,-9.827,8.423
1745843767,0.025,-0.069,0.95,-9.888,4.333,14.587
1745843767,0.047,-0.056,0.979,-7.69,6.165,13.306
1745843767,0.04,-0.072,1.0,-10.01,-6.714,7.874
1745843767,0.047,-0.071,0.947,-17.822,-0.061,7.324
1745843767,0.11,-0.089,0.672,-34.241,-6.042,1.465
1745843767,0.329,0.156,-0.698,-71.167,-16.663,-16.357
1745843768,-0.506,0.641,-0.191,228.882,34.668,-0.61
1745843768,0.595,-1.232,2.205,198.608,19.775,-17.395
1745843768,-0.194,-0.599,2.351,-40.71,-5.737,-22.339
1745843768,0.216,-0.377,1.265,-38.757,1.465,2.808
1745843768,-0.118,-0.195,0.956,-14.893,-9.644,10.681
1745843768,0.076,-0.25,0.842,-6.531,-8.118,2.808
1745843768,-0.049,-0.234,0.978,-12.329,-13.977,-2.014
1745843768,0.069,-0.278,1.0,-7.08,6.836,-3.113
1745843768,0.023,-0.222,1.028,-11.414,5.127,-1.709
1745843768,0.059,-0.206,0.968,-10.132,7.019,0.671
1745843768,0.06,-0.187,0.936,-13.55,-2.563,1.892
1745843768,0.055,-0.158,0.935,-12.634,2.136,1.099
1745843768,0.068,-0.145,0.912,-14.404,-2.686,-0.732
1745843768,0.08,-0.138,0.911,-13.428,2.991,1.221
1745843768,0.063,-0.149,0.929,-9.338,6.775,0.671
1745843768,0.107,-0.144,0.924,-14.038,6.348,1.709
1745843768,0.083,-0.102,0.918,-15.076,0.488,3.723
1745843768,0.068,-0.075,0.958,2.747,3.174,10.681
1745843768,0.088,-0.105,0.984,-0.793,6.897,10.986
1745843769,0.036,-0.087,1.004,-11.23,-7.263,7.568
1745843769,0.069,-0.085,0.991,-8.789,-0.732,6.348
1745843769,0.052,-0.071,0.988,-8.545,-7.812,6.775
1745843769,0.035,-0.079,0.948,-4.578,14.282,10.62
1745843769,0.094,-0.088,0.935,3.906,9.705,8.728
1745843769,0.117,-0.102,0.962,-11.536,-12.817,4.7
1745843769,0.074,-0.161,0.837,-53.528,4.456,0.0
1745843769,-0.176,-0.17,0.012,-141.357,-9.277,-8.606
1745843769,0.32,1.111,-1.14,76.416,-37.781,-27.832
1745843769,-0.09,-0.831,1.461,380.066,55.481,-7.019
1745843769,-0.076,-1.04,2.838,17.395,-37.354,-6.775
1745843769,0.302,-0.5,1.398,-43.579,54.565,-7.019
1745843769,-0.042,-0.154,0.951,-18.188,-16.418,10.193
1745843769,-0.021,-0.198,0.899,8.057,10.132,3.235
1745843769,0.046,-0.219,0.942,-13.977,-18.066,-9.216
1745843769,0.083,-0.272,0.981,-0.671,11.78,-9.338
1745843769,0.13,-0.303,1.027,-11.414,-25.818,-1.831
1745843769,0.057,-0.219,1.013,-12.085,-6.226,3.54
1745843769,0.049,-0.202,0.938,-15.015,-5.676,3.479
1745843770,0.059,-0.182,0.843,-18.738,-11.841,5.859
1745843770,0.031,-0.143,0.827,-8.423,10.986,7.446
1745843770,0.11,-0.17,0.874,-2.258,-2.93,3.784
1745843770,-0.006,-0.122,0.932,-0.549,2.747,3.113
1745843770,0.056,-0.148,0.944,5.31,-3.052,1.038
1745843770,0.063,-0.144,0.983,-0.61,-4.578,-0.061
1745843770,0.057,-0.156,0.968,-0.549,-2.197,0.854
1745843770,0.034,-0.137,0.957,0.61,-6.409,1.648
1745843770,0.035,-0.146,0.983,0.305,-1.892,1.404
1745843770,0.039,-0.159,0.973,-3.479,-5.981,0.061
1745843770,0.025,-0.136,0.953,-1.282,-0.366,1.465
1745843770,0.025,-0.139,0.939,0.305,-5.066,1.892
1745843770,0.025,-0.129,0.94,6.592,-3.357,1.282
1745843770,0.029,-0.16,0.967,3.601,-0.854,0.916
1745843770,0.028,-0.157,0.972,4.944,-4.15,-0.488
1745843770,0.016,-0.154,0.966,3.235,0.305,1.831
1745843770,0.046,-0.153,0.935,1.465,-4.7,2.136
1745843770,0.005,-0.164,0.957,4.944,9.155,8.423
1745843770,-0.001,-0.185,0.977,-1.953,56.091,16.846
1745843771,0.028,-0.128,1.003,-5.249,117.981,26.062
1745843771,0.293,-0.144,0.881,-24.658,171.753,33.508
1745843771,0.394,-0.098,0.814,-52.673,169.922,32.837
1745843771,0.558,-0.019,0.69,-70.618,221.802,24.048
1745843771,0.61,0.085,0.629,-25.635,193.115,27.527
1745843771,0.792,0.075,0.544,24.719,243.164,16.785
1745843771,0.927,-0.039,0.37,19.043,201.172,14.832
1745843771,0.916,0.057,0.148,-20.63,231.201,20.935
1745843771,0.934,0.048,-0.079,-29.053,244.751,2.808
1745843771,0.966,0.091,-0.285,-31.616,250.366,5.859
1745843771,1.068,0.042,-0.451,-24.17,148.682,14.587
1745843771,0.764,0.053,-0.607,-11.536,109.009,15.625
1745843771,0.786,0.065,-0.722,-5.432,108.459,9.766
1745843771,0.678,0.048,-0.796,-10.62,132.141,10.132
1745843771,0.515,0.105,-0.886,-7.751,151.855,8.911
1745843771,0.629,0.032,-0.931,-8.972,114.563,7.812
1745843771,0.509,0.046,-0.987,-18.372,72.632,17.09
1745843771,0.423,-0.02,-1.013,-15.137,52.917,10.437
1745843771,0.486,0.062,-0.946,-15.808,23.499,16.968
1745843771,0.222,0.093,-0.916,-8.728,31.799,2.197
1745843772,0.334,0.07,-0.929,-7.874,6.165,-5.432
1745843772,0.338,0.035,-0.949,-14.587,19.348,-6.714
1745843772,0.324,-0.006,-1.017,-24.841,8.118,-0.183
1745843772,0.288,-0.013,-1.042,-17.456,8.362,1.404
1745843772,0.268,-0.047,-1.063,-12.451,3.296,0.916
1745843772,0.325,-0.034,-1.078,1.77,3.967,1.709
1745843772,0.332,-0.045,-1.04,8.179,4.639,1.16
1745843772,0.309,-0.028,-0.967,6.592,1.77,8.057
1745843772,0.247,-0.051,-0.969,-6.348,-0.671,-0.732
1745843772,0.266,-0.036,-0.995,-0.488,-1.831,0.122
1745843772,0.25,-0.016,-0.99,0.793,1.831,-3.845
1745843772,0.293,-0.032,-1.019,0.366,-6.592,1.282
1745843772,0.326,-0.042,-1.029,-2.686,-13.062,-0.793
1745843772,0.356,-0.024,-1.026,4.089,-27.649,7.629
1745843772,0.533,0.042,-0.982,11.78,-70.74,14.099
1745843772,0.641,0.039,-0.961,-1.587,-232.178,47.668
1745843772,0.862,-0.005,-0.828,15.93,-157.471,28.076
1745843772,0.446,0.021,-0.887,9.277,-220.825,24.963
1745843772,1.122,-0.024,-0.647,33.63,-199.951,16.052
1745843773,0.63,0.131,-0.53,68.42,-274.048,6.47
1745843773,1.166,0.037,-0.206,52.063,-276.978,-18.982
1745843773,0.797,0.048,0.002,50.354,-233.154,8.911
1745843773,1.152,0.034,0.209,61.951,-273.071,-23.499
1745843773,0.719,-0.004,0.416,48.096,-226.501,-17.639
1745843773,0.741,-0.062,0.61,63.538,-267.212,-17.578
1745843773,0.351,-0.07,0.756,58.716,-209.473,-21.24
1745843773,0.296,-0.195,0.896,30.945,-211.609,-17.883
1745843773,0.072,-0.109,0.933,14.343,-152.771,-15.381
1745843773,-0.101,-0.151,0.917,9.705,-129.272,-15.564
1745843773,-0.101,-0.122,0.885,6.226,-66.956,-11.963
1745843773,-0.191,-0.125,0.931,24.048,-62.195,-6.47
1745843773,-0.229,-0.194,0.936,15.686,-34.546,-6.47
1745843773,-0.214,-0.2,0.967,4.639,-23.315,-2.075
1745843773,-0.233,-0.228,0.956,10.071,14.526,6.653
1745843773,-0.125,-0.222,0.927,-2.258,-9.888,-2.136
1745843773,-0.244,-0.198,0.935,2.197,-3.662,-0.305
1745843773,-0.235,-0.222,0.93,4.456,-3.235,1.953
1745843773,-0.232,-0.216,0.931,2.625,-6.653,-0.122
1745843774,-0.221,-0.228,0.935,0.305,0.061,0.793
1745843774,-0.244,-0.225,0.92,-3.418,16.235,5.432
1745843774,-0.322,-0.209,0.961,-9.338,82.764,19.897
1745843774,-0.024,-0.315,0.954,-30.701,109.985,-11.047
1745843774,-0.113,-0.117,0.983,-71.167,155.029,14.954
1745843774,0.185,-0.06,0.939,-36.255,215.942,26.245
1745843774,0.302,-0.036,0.894,-38.391,237.0,42.48
1745843774,0.538,-0.005,0.689,-13.123,307.617,30.273
1745843774,0.756,0.015,0.447,-13.123,370.544,36.865
1745843774,0.812,0.069,0.104,-31.677,393.005,53.345
1745843774,0.955,0.12,-0.359,-47.058,388.062,36.926
1745843774,1.028,0.11,-0.474,-27.222,210.876,50.964
1745843774,0.796,0.135,-0.523,-5.798,169.312,11.169
1745843774,0.825,0.096,-0.653,-17.09,141.785,0.305
1745843774,0.606,0.12,-0.738,-29.785,113.037,-16.418
1745843774,0.616,0.016,-0.886,-15.991,79.102,-2.869
1745843774,0.562,0.038,-0.971,-38.33,110.474,30.823
1745843775,0.489,0.097,-0.954,-32.532,92.773,18.066
1745843775,0.434,0.014,-0.99,-24.292,68.665,17.334
1745843775,0.347,0.117,-0.988,-12.024,28.198,7.385
1745843775,0.339,0.028,-1.037,-16.174,11.597,-6.104
1745843775,0.247,0.004,-1.018,-0.61,-0.061,-6.592
1745843775,0.341,0.004,-1.008,-8.911,-5.31,-0.793
1745843775,0.36,-0.011,-0.985,0.732,-1.16,-4.15
1745843775,0.313,0.008,-0.989,-4.395,9.46,-3.052
1745843775,0.272,-0.004,-1.007,-7.446,-15.381,5.92
1745843775,0.386,-0.009,-0.997,-1.343,-15.991,9.766
1745843775,0.25,-0.011,-0.977,-7.08,-9.399,0.916
1745843775,0.378,-0.039,-1.003,-3.54,-15.137,4.028
1745843775,0.427,-0.005,-0.976,-1.282,-8.118,-2.319
1745843775,0.477,-0.037,-0.996,-8.301,-72.51,24.048
1745843775,0.633,-0.066,-1.026,-7.141,-202.82,79.407
1745843775,0.608,-0.023,-0.928,10.315,-166.321,61.34
1745843775,0.787,0.109,-0.78,16.174,-235.229,68.237
1745843775,0.902,0.147,-0.567,42.908,-182.251,52.368
1745843775,0.876,0.249,-0.382,89.905,-205.75,39.001
1745843775,1.051,0.177,-0.237,77.271,-239.014,32.043
1745843775,0.706,0.247,-0.049,97.107,-317.749,32.959
1745843776,0.774,0.277,0.338,108.521,-205.017,-0.427
1745843776,0.713,0.196,0.44,128.662,-220.032,-45.349
1745843776,0.847,0.014,0.468,163.147,-276.672,-34.729
1745843776,0.406,-0.009,0.581,159.363,-341.125,-82.153
1745843776,-0.209,-0.235,0.871,99.609,-225.525,-42.542
1745843776,-0.197,-0.324,1.017,4.272,-49.683,-8.728
1745843776,-0.03,-0.323,1.0,-7.874,-13.611,0.549
1745843776,-0.091,-0.296,0.97,-10.742,-20.935,-5.188
1745843776,-0.058,-0.25,0.968,-15.869,-16.479,-10.498
1745843776,-0.079,-0.209,0.989,9.033,-9.521,6.897
1745843776,-0.001,-0.304,0.954,9.827,-7.69,0.549
1745843776,-0.09,-0.25,0.957,-5.554,-15.991,-3.662
1745843776,-0.063,-0.268,0.959,-1.526,-2.319,1.892
1745843776,-0.031,-0.252,0.958,-12.695,-3.723,1.648
1745843776,-0.047,-0.213,0.963,-17.883,-2.258,2.93
1745843776,-0.095,-0.202,0.949,-16.113,0.488,9.583
1745843777,-0.13,-0.182,0.945,-14.099,4.761,13.428
1745843777,-0.099,-0.189,0.932,-12.329,0.488,11.719
1745843777,-0.104,-0.179,0.93,-6.531,12.451,11.902
1745843777,-0.059,-0.192,0.931,1.16,1.831,7.935
1745843777,-0.084,-0.207,0.941,-1.16,-0.61,3.113
1745843777,-0.048,-0.205,0.951,-4.944,3.479,-0.061
1745843777,-0.063,-0.175,0.953,-2.93,7.629,1.526
1745843777,-0.036,-0.173,0.96,4.578,3.906,2.747
1745843777,0.006,-0.182,0.945,-0.793,5.127,3.296
1745843777,-0.01,-0.155,0.955,0.671,-0.549,0.916
1745843777,-0.038,-0.166,0.965,-0.061,6.348,4.089
1745843777,-0.003,-0.189,0.95,1.099,4.395,3.479
1745843777,-0.057,-0.178,0.963,0.244,5.005,5.676
1745843777,-0.027,-0.183,0.957,7.141,15.747,7.874
1745843777,-0.002,-0.177,0.949,-1.831,-3.601,1.465
1745843777,-0.025,-0.15,0.962,4.272,9.155,5.005
1745843777,-0.001,-0.202,0.95,-1.465,-1.953,-1.831
1745843777,-0.027,-0.161,0.95,-4.944,0.061,-4.517
1745843777,0.027,-0.123,0.956,2.136,0.183,-1.465
1745843777,-0.043,-0.135,0.967,6.531,2.319,0.916
1745843777,-0.036,-0.162,0.951,5.554,2.808,2.563
1745843777,-0.038,-0.154,0.934,-1.587,2.93,-0.305
1745843777,-0.013,-0.108,0.91,0.427,0.488,-4.211
1745843778,-0.004,-0.093,0.875,-5.371,-3.601,-4.333
1745843778,0.036,-0.131,0.917,3.174,-8.972,-7.08
1745843778,-0.064,-0.208,0.971,-11.292,19.958,11.292
1745843778,0.044,-0.136,0.996,-52.734,43.396,14.282
1745843778,-0.048,-0.129,1.008,-72.266,85.266,22.095
1745843778,0.252,-0.026,0.912,-107.3,99.487,2.869
1745843778,0.144,0.16,0.853,-95.337,111.145,13.611
1745843778,0.464,0.317,0.781,-69.946,235.596,32.532
1745843778,0.823,0.289,0.67,-32.288,128.967,27.71
1745843778,0.577,0.414,0.564,50.903,34.119,39.917
1745843778,0.853,0.309,0.719,66.101,-5.92,37.598
1745843778,0.691,0.146,0.523,50.049,61.89,30.09
1745843778,0.457,0.169,0.816,-18.311,-137.451,48.401
1745843778,0.414,0.418,0.656,-5.371,33.813,-0.305
1745843779,0.287,0.503,0.798,-38.818,0.732,-14.709
1745843779,0.571,0.539,0.775,-36.926,62.744,-40.894
1745843779,0.627,0.486,0.592,-29.602,37.048,-18.372
1745843779,0.772,0.498,0.489,-22.461,30.457,-31.86
1745843779,0.735,0.487,0.588,-7.935,0.122,-0.61
1745843779,0.846,0.444,0.489,-17.151,11.23,-20.325
1745843779,0.651,0.367,0.461,-47.058,-87.158,-6.226
1745843779,0.727,0.403,0.691,9.888,-28.137,-20.569
1745843779,0.708,0.357,0.558,-19.104,-45.227,-27.405
1745843779,0.605,0.371,0.58,11.475,-29.846,-43.579
1745843779,0.565,0.267,0.697,64.636,-73.669,-88.745
1745843779,0.547,-0.062,0.796,13.611,-27.649,-16.174
1745843779,0.59,0.213,0.762,-89.111,-11.108,-39.612
1745843779,0.528,0.211,0.78,-85.266,-6.47,-46.631
1745843779,0.466,0.222,0.709,-74.89,-19.836,-59.509
1745843779,0.592,0.52,0.659,-49.866,-37.17,-70.862
1745843779,0.723,0.45,0.526,-14.771,-33.081,-51.514
1745843779,0.832,0.425,0.516,-0.977,-20.935,-23.071
1745843780,0.605,0.296,0.628,11.841,20.02,7.263
1745843780,0.566,0.498,0.75,-94.91,-19.165,-13.794
1745843780,0.528,0.504,0.663,-80.2,-7.935,-21.057
1745843780,0.599,0.513,0.625,-65.796,-24.78,-18.433
1745843780,0.559,0.449,0.725,-16.846,-37.537,-19.592
1745843780,0.573,0.466,0.726,-38.94,-50.842,-27.588
1745843780,0.456,0.515,0.661,-18.188,-55.725,-18.066
1745843780,0.646,0.477,0.564,5.127,-59.937,-28.625
1745843780,0.326,0.427,0.644,17.517,-53.772,-13.306
1745843780,0.562,0.47,0.813,-5.066,-99.304,-39.307
1745843780,0.462,0.329,0.828,-5.676,-73.364,-32.593
1745843780,0.349,0.451,0.73,-2.319,-127.93,-61.34
1745843780,0.272,0.214,0.713,3.052,-42.725,-62.622
1745843780,0.37,0.365,0.842,39.49,-106.934,-67.078
1745843780,0.398,0.169,0.816,55.237,-84.9,-54.932
1745843780,0.342,0.148,0.947,55.237,-40.588,-37.781
1745843780,0.338,0.087,0.931,16.541,-5.249,-10.864
1745843780,0.164,0.088,0.971,33.997,0.793,-5.554
1745843780,0.098,0.245,1.08,-30.762,6.592,0.977
1745843780,0.203,0.204,0.914,-33.997,9.033,-15.137
1745843781,0.201,0.226,0.882,-14.526,-13.672,7.751
1745843781,0.156,0.271,0.917,-19.47,2.991,0.732
1745843781,0.147,0.258,0.936,-11.841,-6.348,-5.188
1745843781,0.25,0.239,0.922,-4.15,-7.996,2.869
1745843781,0.186,0.224,0.927,-0.488,-4.7,3.54
1745843781,0.134,0.242,0.928,2.136,4.639,-3.54
1745843781,0.164,0.256,0.911,0.061,2.747,-2.136
1745843781,0.238,0.261,0.911,5.92,3.967,-4.272
1745843781,0.212,0.236,0.929,-0.244,-1.099,-10.559
1745843781,0.193,0.268,0.89,3.967,-0.488,1.282
1745843781,0.152,0.272,0.935,3.967,1.221,1.526
1745843781,0.206,0.217,0.943,7.751,-0.305,3.662
1745843781,0.163,0.247,0.883,5.066,5.676,6.042
1745843781,0.134,0.309,0.865,-3.662,-0.854,-1.038
1745843781,0.211,0.271,0.926,-1.465,0.916,-7.568
1745843781,0.248,0.231,0.907,-3.052,0.122,-3.357
1745843781,0.168,0.188,0.942,7.08,-1.221,13.184
1745843782,0.236,0.21,0.902,12.39,12.146,19.958
1745843782,0.172,0.264,0.936,4.15,5.432,7.751
1745843782,0.239,0.27,0.918,-0.366,7.324,-5.859
1745843782,0.198,0.258,0.9,-4.15,-3.906,-6.592
1745843782,0.208,0.237,0.915,-0.732,-0.61,-1.465
1745843782,0.164,0.241,0.923,-0.61,-4.211,2.38
1745843782,0.237,0.254,0.909,-2.441,-2.319,1.16
1745843782,0.201,0.254,0.915,1.404,-4.517,0.854
1745843782,0.188,0.208,0.88,1.831,-0.61,2.869
1745843782,0.196,0.242,0.935,0.427,-2.38,2.747
1745843782,0.198,0.277,0.936,2.319,1.892,-2.563
1745843782,0.206,0.246,0.915,3.479,0.183,-0.183
1745843782,0.191,0.243,0.919,2.869,0.305,0.061
1745843782,0.198,0.234,0.914,1.404,0.671,-0.366
1745843782,0.201,0.252,0.912,1.16,1.16,-0.061
1745843782,0.21,0.244,0.925,1.343,2.747,0.122
1745843782,0.205,0.245,0.896,1.648,0.061,1.404
1745843782,0.19,0.242,0.923,1.892,3.174,-1.465
1745843782,0.209,0.232,0.913,1.892,1.77,0.916
1745843782,0.195,0.244,0.92,0.244,2.014,-1.16
